PROT.1109.6095431.0001i_00012	PROT.1109.6095431.0001i_00012 246 NA 	 hypothetical protein 	 NA 	 similar to AA sequence:GCF_001705995.2_ASM170599v2_genomic.gbff:WP_068577701.1 	 NA	
PROT.1109.6095431.0001i_00039	PROT.1109.6095431.0001i_00039 753 NA 	 energy transducer TonB 	 NA 	 similar to AA sequence:GCF_001705995.2_ASM170599v2_genomic.gbff:WP_068577655.1 	 NA	
PROT.1109.6095431.0001i_00111	PROT.1109.6095431.0001i_00111 546 NA 	 hypothetical protein 	 NA 	 NA 	 NA	
PROT.1109.6095431.0001i_00144	PROT.1109.6095431.0001i_00144 669 NA 	 ATP-binding cassette domain-containing protein 	 NA 	 similar to AA sequence:GCF_001705995.2_ASM170599v2_genomic.gbff:WP_068578361.1 	 NA	
PROT.1109.6095431.0001i_00170	PROT.1109.6095431.0001i_00170 2043 NA 	 pyridoxamine 5'-phosphate oxidase family protein 	 NA 	 similar to AA sequence:GCF_001705995.2_ASM170599v2_genomic.gbff:WP_068576562.1 	 NA	
PROT.1109.6095431.0001i_00201	PROT.1109.6095431.0001i_00201 690 aqpZ_1 	 aquaporin Z 	 NA 	 similar to AA sequence:GCF_001705995.2_ASM170599v2_genomic.gbff:WP_068576605.1 	 NA	
PROT.1109.6095431.0001i_00231	PROT.1109.6095431.0001i_00231 480 NA 	 DoxX family membrane protein 	 NA 	 similar to AA sequence:GCF_001705995.2_ASM170599v2_genomic.gbff:WP_068578041.1 	 NA	
PROT.1109.6095431.0001i_00232	PROT.1109.6095431.0001i_00232 939 ubiA_2 	 4-hydroxybenzoate octaprenyltransferase 	 2.5.1.39 	 similar to AA sequence:GCF_001705995.2_ASM170599v2_genomic.gbff:WP_068578043.1 	 NA	
PROT.1109.6095431.0001i_00233	PROT.1109.6095431.0001i_00233 999 NA 	 LysR family transcriptional regulator 	 NA 	 similar to AA sequence:GCF_001705995.2_ASM170599v2_genomic.gbff:WP_068578046.1 	 NA	
PROT.1109.6095431.0001i_00234	PROT.1109.6095431.0001i_00234 660 NA 	 NAD(P)H-binding protein 	 NA 	 similar to AA sequence:GCF_001705995.2_ASM170599v2_genomic.gbff:WP_068578048.1 	 NA	
PROT.1109.6095431.0001i_00329	PROT.1109.6095431.0001i_00329 339 NA 	 tryptophan synthase subunit beta 	 NA 	 similar to AA sequence:GCF_001705995.2_ASM170599v2_genomic.gbff:WP_068575493.1 	 NA	
PROT.1109.6095431.0001i_00330	PROT.1109.6095431.0001i_00330 17163 NA 	 retention module-containing protein 	 NA 	 similar to AA sequence:GCF_001705995.2_ASM170599v2_genomic.gbff:WP_164823615.1 	 NA	
PROT.1109.6095431.0001i_00342	PROT.1109.6095431.0001i_00342 2217 NA 	 outer membrane assembly lipoprotein YfiO 	 NA 	 similar to AA sequence:GCF_001705995.2_ASM170599v2_genomic.gbff:WP_068576257.1 	 NA	
PROT.1109.6095431.0001i_00343	PROT.1109.6095431.0001i_00343 1578 NA 	 glycosyltransferase family 39 protein 	 NA 	 similar to AA sequence:GCF_001705995.2_ASM170599v2_genomic.gbff:WP_068576255.1 	 NA	
PROT.1109.6095431.0001i_00355	PROT.1109.6095431.0001i_00355 2478 pgaA 	 poly-beta-1,6 N-acetyl-D-glucosamine export porin PgaA 	 NA 	 similar to AA sequence:GCF_001705995.2_ASM170599v2_genomic.gbff:WP_068576232.1 	 NA	
PROT.1109.6095431.0001i_00356	PROT.1109.6095431.0001i_00356 1998 pgaB 	 poly-beta-1,6-N-acetyl-D-glucosamine N-deacetylase PgaB 	 3.5.1.- 	 similar to AA sequence:GCF_001705995.2_ASM170599v2_genomic.gbff:WP_068576230.1 	 NA	
PROT.1109.6095431.0001i_00359	PROT.1109.6095431.0001i_00359 1230 NA 	 glycosyltransferase 	 NA 	 similar to AA sequence:GCF_001705995.2_ASM170599v2_genomic.gbff:WP_068583796.1 	 NA	
PROT.1109.6095431.0001i_00360	PROT.1109.6095431.0001i_00360 513 pgaD 	 poly-beta-1,6-N-acetyl-D-glucosamine biosynthesis protein PgaD 	 NA 	 similar to AA sequence:GCF_001705995.2_ASM170599v2_genomic.gbff:WP_068576655.1 	 NA	
PROT.1109.6095431.0001i_00368	PROT.1109.6095431.0001i_00368 561 NA 	 YbhB/YbcL family Raf kinase inhibitor-like protein 	 NA 	 similar to AA sequence:GCF_001705995.2_ASM170599v2_genomic.gbff:WP_068576218.1 	 NA	
PROT.1109.6095431.0001i_00372	PROT.1109.6095431.0001i_00372 690 NA 	 hypothetical protein 	 NA 	 NA 	 NA	
PROT.1109.6095431.0001i_00373	PROT.1109.6095431.0001i_00373 183 NA 	 hypothetical protein 	 NA 	 NA 	 NA	
PROT.1109.6095431.0001i_00375	PROT.1109.6095431.0001i_00375 852 NA 	 hypothetical protein 	 NA 	 NA 	 NA	
PROT.1109.6095431.0001i_00394	PROT.1109.6095431.0001i_00394 633 NA 	 hypothetical protein 	 NA 	 NA 	 NA	
PROT.1109.6095431.0001i_00395	PROT.1109.6095431.0001i_00395 504 NA 	 hypothetical protein 	 NA 	 NA 	 NA	
PROT.1109.6095431.0001i_00420	PROT.1109.6095431.0001i_00420 1611 NA 	 arylsulfatase 	 NA 	 similar to AA sequence:GCF_001705995.2_ASM170599v2_genomic.gbff:WP_068580069.1 	 NA	
PROT.1109.6095431.0001i_00446	PROT.1109.6095431.0001i_00446 93 NA 	 hypothetical protein 	 NA 	 NA 	 NA	
PROT.1109.6095431.0001i_00469	PROT.1109.6095431.0001i_00469 264 NA 	 hypothetical protein 	 NA 	 NA 	 NA	
PROT.1109.6095431.0001i_00525	PROT.1109.6095431.0001i_00525 1131 NA 	 hypothetical protein 	 NA 	 NA 	 NA	
PROT.1109.6095431.0001i_00542	PROT.1109.6095431.0001i_00542 792 NA 	 SDR family oxidoreductase 	 NA 	 similar to AA sequence:GCF_001705995.2_ASM170599v2_genomic.gbff:WP_068589586.1 	 NA	
PROT.1109.6095431.0001i_00543	PROT.1109.6095431.0001i_00543 897 NA 	 LysR family transcriptional regulator 	 NA 	 similar to AA sequence:GCF_001705995.2_ASM170599v2_genomic.gbff:WP_068589583.1 	 NA	
PROT.1109.6095431.0001i_00544	PROT.1109.6095431.0001i_00544 1011 NA 	 aldo/keto reductase 	 NA 	 similar to AA sequence:GCF_001705995.2_ASM170599v2_genomic.gbff:WP_068589580.1 	 NA	
PROT.1109.6095431.0001i_00545	PROT.1109.6095431.0001i_00545 411 NA 	 SRPBCC family protein 	 NA 	 similar to AA sequence:GCF_001705995.2_ASM170599v2_genomic.gbff:WP_068589577.1 	 NA	
PROT.1109.6095431.0001i_00553	PROT.1109.6095431.0001i_00553 645 NA 	 amidase 	 NA 	 similar to AA sequence:GCF_001705995.2_ASM170599v2_genomic.gbff:WP_068589554.1 	 NA	
PROT.1109.6095431.0001i_00554	PROT.1109.6095431.0001i_00554 222 NA 	 formate dehydrogenase subunit delta 	 NA 	 similar to AA sequence:GCF_001705995.2_ASM170599v2_genomic.gbff:WP_068589551.1 	 NA	
PROT.1109.6095431.0001i_00562	PROT.1109.6095431.0001i_00562 918 NA 	 LysR family transcriptional regulator 	 NA 	 similar to AA sequence:GCF_001705995.2_ASM170599v2_genomic.gbff:WP_068589532.1 	 NA	
PROT.1109.6095431.0001i_00577	PROT.1109.6095431.0001i_00577 456 NA 	 hypothetical protein 	 NA 	 NA 	 NA	
PROT.1109.6095431.0001i_00587	PROT.1109.6095431.0001i_00587 261 NA 	 hypothetical protein 	 NA 	 similar to AA sequence:GCF_001705995.2_ASM170599v2_genomic.gbff:WP_068589463.1 	 NA	
PROT.1109.6095431.0001i_00603	PROT.1109.6095431.0001i_00603 450 NA 	 hypothetical protein 	 NA 	 NA 	 NA	
PROT.1109.6095431.0001i_00604	PROT.1109.6095431.0001i_00604 555 NA 	 chorismate mutase 	 5.4.99.5 	 similar to AA sequence:GCF_001705995.2_ASM170599v2_genomic.gbff:WP_068589413.1 	 NA	
PROT.1109.6095431.0001i_00622	PROT.1109.6095431.0001i_00622 1464 NA 	 cytosine permease 	 NA 	 similar to AA sequence:GCF_001705995.2_ASM170599v2_genomic.gbff:WP_068589360.1 	 NA	
PROT.1109.6095431.0001i_00634	PROT.1109.6095431.0001i_00634 1917 NA 	 methyl-accepting chemotaxis protein 	 NA 	 similar to AA sequence:GCF_001705995.2_ASM170599v2_genomic.gbff:WP_068589336.1 	 NA	
PROT.1109.6095431.0001i_00637	PROT.1109.6095431.0001i_00637 432 tatB 	 Sec-independent protein translocase subunit TatB 	 NA 	 similar to AA sequence:GCF_001705995.2_ASM170599v2_genomic.gbff:WP_068589328.1 	 NA	
PROT.1109.6095431.0001i_00658	PROT.1109.6095431.0001i_00658 786 NA 	 thermonuclease family protein 	 NA 	 similar to AA sequence:GCF_001705995.2_ASM170599v2_genomic.gbff:WP_068576298.1 	 NA	
PROT.1109.6095431.0001i_00672	PROT.1109.6095431.0001i_00672 348 NA 	 NirD/YgiW/YdeI family stress tolerance protein 	 NA 	 similar to AA sequence:GCF_001705995.2_ASM170599v2_genomic.gbff:WP_068578680.1 	 NA	
PROT.1109.6095431.0001i_00700	PROT.1109.6095431.0001i_00700 402 NA 	 transcriptional regulator 	 NA 	 similar to AA sequence:GCF_001705995.2_ASM170599v2_genomic.gbff:WP_068578624.1 	 NA	
PROT.1109.6095431.0001i_00728	PROT.1109.6095431.0001i_00728 897 NA 	 antimicrobial resistance protein Mig-14 	 NA 	 similar to AA sequence:GCF_001705995.2_ASM170599v2_genomic.gbff:WP_068576516.1 	 NA	
PROT.1109.6095431.0001i_00792	PROT.1109.6095431.0001i_00792 933 NA 	 NAD synthetase 	 NA 	 similar to AA sequence:GCF_001705995.2_ASM170599v2_genomic.gbff:WP_053132331.1 	 NA	
PROT.1109.6095431.0001i_00793	PROT.1109.6095431.0001i_00793 462 NA 	 hypothetical protein 	 NA 	 NA 	 NA	
PROT.1109.6095431.0001i_00886	PROT.1109.6095431.0001i_00886 1995 NA 	 hypothetical protein 	 NA 	 NA 	 NA	
PROT.1109.6095431.0001i_00915	PROT.1109.6095431.0001i_00915 294 NA 	 antibiotic biosynthesis monooxygenase 	 NA 	 similar to AA sequence:GCF_001705995.2_ASM170599v2_genomic.gbff:WP_068585474.1 	 NA	
PROT.1109.6095431.0001i_00924	PROT.1109.6095431.0001i_00924 438 NA 	 hypothetical protein 	 NA 	 NA 	 NA	
PROT.1109.6095431.0001i_00966	PROT.1109.6095431.0001i_00966 894 NA 	 NAD-dependent epimerase/dehydratase family protein 	 NA 	 similar to AA sequence:GCF_001705995.2_ASM170599v2_genomic.gbff:WP_068577430.1 	 NA	
PROT.1109.6095431.0001i_00977	PROT.1109.6095431.0001i_00977 333 NA 	 hypothetical protein 	 NA 	 NA 	 NA	
PROT.1109.6095431.0001i_00983	PROT.1109.6095431.0001i_00983 162 NA 	 hypothetical protein 	 NA 	 NA 	 NA	
PROT.1109.6095431.0001i_00988	PROT.1109.6095431.0001i_00988 450 NA 	 GNAT family N-acetyltransferase 	 NA 	 similar to AA sequence:GCF_001705995.2_ASM170599v2_genomic.gbff:WP_068577465.1 	 NA	
PROT.1109.6095431.0001i_00989	PROT.1109.6095431.0001i_00989 939 NA 	 cyclase family protein 	 NA 	 similar to AA sequence:GCF_001705995.2_ASM170599v2_genomic.gbff:WP_068577466.1 	 NA	
PROT.1109.6095431.0001i_00992	PROT.1109.6095431.0001i_00992 486 soxR_1 	 redox-sensitive transcriptional activator SoxR 	 NA 	 similar to AA sequence:GCF_001705995.2_ASM170599v2_genomic.gbff:WP_068577471.1 	 NA	
PROT.1109.6095431.0001i_00993	PROT.1109.6095431.0001i_00993 1200 NA 	 efflux RND transporter periplasmic adaptor subunit 	 NA 	 similar to AA sequence:GCF_001705995.2_ASM170599v2_genomic.gbff:WP_068577474.1 	 NA	
PROT.1109.6095431.0001i_00994	PROT.1109.6095431.0001i_00994 3159 NA 	 multidrug efflux RND transporter permease subunit 	 NA 	 similar to AA sequence:GCF_001705995.2_ASM170599v2_genomic.gbff:WP_068577476.1 	 NA	
PROT.1109.6095431.0001i_00996	PROT.1109.6095431.0001i_00996 1056 NA 	 hypothetical protein 	 NA 	 NA 	 NA	
PROT.1109.6095431.0001i_00997	PROT.1109.6095431.0001i_00997 378 NA 	 RidA family protein 	 NA 	 similar to AA sequence:GCF_001705995.2_ASM170599v2_genomic.gbff:WP_068577482.1 	 NA	
PROT.1109.6095431.0001i_00998	PROT.1109.6095431.0001i_00998 1137 NA 	 FAD-binding oxidoreductase 	 NA 	 similar to AA sequence:GCF_001705995.2_ASM170599v2_genomic.gbff:WP_068577483.1 	 NA	
PROT.1109.6095431.0001i_00999	PROT.1109.6095431.0001i_00999 618 NA 	 helix-turn-helix domain-containing protein 	 NA 	 similar to AA sequence:GCF_001705995.2_ASM170599v2_genomic.gbff:WP_164487345.1 	 NA	
PROT.1109.6095431.0001i_01000	PROT.1109.6095431.0001i_01000 906 NA 	 proline iminopeptidase-family hydrolase 	 NA 	 similar to AA sequence:GCF_001705995.2_ASM170599v2_genomic.gbff:WP_068577487.1 	 NA	
PROT.1109.6095431.0001i_01001	PROT.1109.6095431.0001i_01001 762 NA 	 LuxR family transcriptional regulator 	 NA 	 similar to AA sequence:GCF_001705995.2_ASM170599v2_genomic.gbff:WP_068577489.1 	 NA	
PROT.1109.6095431.0001i_01002	PROT.1109.6095431.0001i_01002 888 NA 	 proline iminopeptidase-family hydrolase 	 NA 	 similar to AA sequence:GCF_001705995.2_ASM170599v2_genomic.gbff:WP_068577491.1 	 NA	
PROT.1109.6095431.0001i_01003	PROT.1109.6095431.0001i_01003 948 NA 	 ABC transporter permease 	 NA 	 similar to AA sequence:GCF_001705995.2_ASM170599v2_genomic.gbff:WP_068577493.1 	 NA	
PROT.1109.6095431.0001i_01004	PROT.1109.6095431.0001i_01004 852 NA 	 ABC transporter permease 	 NA 	 similar to AA sequence:GCF_001705995.2_ASM170599v2_genomic.gbff:WP_068577495.1 	 NA	
PROT.1109.6095431.0001i_01005	PROT.1109.6095431.0001i_01005 987 NA 	 ABC transporter ATP-binding protein 	 NA 	 similar to AA sequence:GCF_001705995.2_ASM170599v2_genomic.gbff:WP_068577497.1 	 NA	
PROT.1109.6095431.0001i_01006	PROT.1109.6095431.0001i_01006 972 NA 	 ABC transporter ATP-binding protein 	 NA 	 similar to AA sequence:GCF_001705995.2_ASM170599v2_genomic.gbff:WP_068577499.1 	 NA	
PROT.1109.6095431.0001i_01007	PROT.1109.6095431.0001i_01007 1515 NA 	 ABC transporter substrate-binding protein 	 NA 	 similar to AA sequence:GCF_001705995.2_ASM170599v2_genomic.gbff:WP_068577501.1 	 NA	
PROT.1109.6095431.0001i_01027	PROT.1109.6095431.0001i_01027 303 NA 	 RnfH family protein 	 NA 	 similar to AA sequence:GCF_001705995.2_ASM170599v2_genomic.gbff:WP_068577763.1 	 NA	
PROT.1109.6095431.0001i_01029	PROT.1109.6095431.0001i_01029 405 fur 	 ferric iron uptake transcriptional regulator 	 NA 	 similar to AA sequence:GCF_001705995.2_ASM170599v2_genomic.gbff:WP_011059185.1 	 NA	
PROT.1109.6095431.0001i_01063	PROT.1109.6095431.0001i_01063 372 NA 	 hypothetical protein 	 NA 	 NA 	 NA	
PROT.1109.6095431.0001i_01069	PROT.1109.6095431.0001i_01069 378 NA 	 hypothetical protein 	 NA 	 similar to AA sequence:GCF_001705995.2_ASM170599v2_genomic.gbff:WP_068582390.1 	 NA	
PROT.1109.6095431.0001i_01124	PROT.1109.6095431.0001i_01124 894 NA 	 ZIP family metal transporter 	 NA 	 similar to AA sequence:GCF_001705995.2_ASM170599v2_genomic.gbff:WP_068584238.1 	 NA	
PROT.1109.6095431.0001i_01208	PROT.1109.6095431.0001i_01208 93 NA 	 hypothetical protein 	 NA 	 NA 	 NA	
PROT.1109.6095431.0001i_01241	PROT.1109.6095431.0001i_01241 918 NA 	 LysR family transcriptional regulator 	 NA 	 similar to AA sequence:GCF_001705995.2_ASM170599v2_genomic.gbff:WP_022642444.1 	 NA	
PROT.1109.6095431.0001i_01242	PROT.1109.6095431.0001i_01242 447 NA 	 DMT family transporter 	 NA 	 similar to AA sequence:GCF_001705995.2_ASM170599v2_genomic.gbff:WP_022642445.1 	 NA	
PROT.1109.6095431.0001i_01244	PROT.1109.6095431.0001i_01244 243 NA 	 MoaD/ThiS family protein 	 NA 	 similar to AA sequence:GCF_001705995.2_ASM170599v2_genomic.gbff:WP_068583265.1 	 NA	
PROT.1109.6095431.0001i_01255	PROT.1109.6095431.0001i_01255 327 NA 	 GIY-YIG nuclease family protein 	 NA 	 similar to AA sequence:GCF_001705995.2_ASM170599v2_genomic.gbff:WP_068583765.1 	 NA	
PROT.1109.6095431.0001i_01303	PROT.1109.6095431.0001i_01303 1263 NA 	 EAL domain-containing response regulator 	 NA 	 similar to AA sequence:GCF_001705995.2_ASM170599v2_genomic.gbff:WP_068583609.1 	 NA	
PROT.1109.6095431.0001i_01320	PROT.1109.6095431.0001i_01320 1200 NA 	 hypothetical protein 	 NA 	 similar to AA sequence:GCF_001705995.2_ASM170599v2_genomic.gbff:WP_068583658.1 	 NA	
PROT.1109.6095431.0001i_01458	PROT.1109.6095431.0001i_01458 522 NA 	 hypothetical protein 	 NA 	 NA 	 NA	
PROT.1109.6095431.0001i_01460	PROT.1109.6095431.0001i_01460 186 NA 	 hypothetical protein 	 NA 	 NA 	 NA	
PROT.1109.6095431.0001i_01469	PROT.1109.6095431.0001i_01469 2589 NA 	 phage tail tape measure protein 	 NA 	 similar to AA sequence:GCF_001705995.2_ASM170599v2_genomic.gbff:WP_068580451.1 	 NA	
PROT.1109.6095431.0001i_01473	PROT.1109.6095431.0001i_01473 1152 NA 	 glycosyl hydrolase 	 NA 	 similar to AA sequence:GCF_001705995.2_ASM170599v2_genomic.gbff:WP_068580482.1 	 NA	
PROT.1109.6095431.0001i_01474	PROT.1109.6095431.0001i_01474 192 NA 	 hypothetical protein 	 NA 	 NA 	 NA	
PROT.1109.6095431.0001i_01475	PROT.1109.6095431.0001i_01475 492 NA 	 phage tail protein 	 NA 	 similar to AA sequence:GCF_001705995.2_ASM170599v2_genomic.gbff:WP_068580458.1 	 NA	
PROT.1109.6095431.0001i_01476	PROT.1109.6095431.0001i_01476 348 NA 	 phage tail assembly chaperone family protein, TAC 	 NA 	 similar to AA sequence:GCF_001705995.2_ASM170599v2_genomic.gbff:WP_068580459.1 	 NA	
PROT.1109.6095431.0001i_01477	PROT.1109.6095431.0001i_01477 207 NA 	 hypothetical protein 	 NA 	 NA 	 NA	
PROT.1109.6095431.0001i_01479	PROT.1109.6095431.0001i_01479 339 NA 	 phage tail protein 	 NA 	 similar to AA sequence:GCF_001705995.2_ASM170599v2_genomic.gbff:WP_022643403.1 	 NA	
PROT.1109.6095431.0001i_01483	PROT.1109.6095431.0001i_01483 171 NA 	 hypothetical protein 	 NA 	 NA 	 NA	
PROT.1109.6095431.0001i_01484	PROT.1109.6095431.0001i_01484 684 NA 	 phage minor tail protein L 	 NA 	 similar to AA sequence:GCF_001705995.2_ASM170599v2_genomic.gbff:WP_053134540.1 	 NA	
PROT.1109.6095431.0001i_01486	PROT.1109.6095431.0001i_01486 636 NA 	 tail assembly protein 	 NA 	 similar to AA sequence:GCF_001705995.2_ASM170599v2_genomic.gbff:WP_022639480.1 	 NA	
PROT.1109.6095431.0001i_01487	PROT.1109.6095431.0001i_01487 609 NA 	 tail assembly protein 	 NA 	 similar to AA sequence:GCF_001705995.2_ASM170599v2_genomic.gbff:WP_068580474.1 	 NA	
PROT.1109.6095431.0001i_01488	PROT.1109.6095431.0001i_01488 3096 NA 	 host specificity protein J 	 NA 	 similar to AA sequence:GCF_001705995.2_ASM170599v2_genomic.gbff:WP_068580476.1 	 NA	
PROT.1109.6095431.0001i_01497	PROT.1109.6095431.0001i_01497 1239 NA 	 hypothetical protein 	 NA 	 similar to AA sequence:GCF_001705995.2_ASM170599v2_genomic.gbff:WP_068580484.1 	 NA	
PROT.1109.6095431.0001i_01502	PROT.1109.6095431.0001i_01502 600 NA 	 hypothetical protein 	 NA 	 similar to AA sequence:GCF_001705995.2_ASM170599v2_genomic.gbff:WP_068580491.1 	 NA	
PROT.1109.6095431.0001i_01505	PROT.1109.6095431.0001i_01505 921 NA 	 phage tail protein 	 NA 	 similar to AA sequence:GCF_001705995.2_ASM170599v2_genomic.gbff:WP_068580500.1 	 NA	
PROT.1109.6095431.0001i_01506	PROT.1109.6095431.0001i_01506 519 NA 	 phage tail protein 	 NA 	 similar to AA sequence:GCF_001705995.2_ASM170599v2_genomic.gbff:WP_164823637.1 	 NA	
PROT.1109.6095431.0001i_01507	PROT.1109.6095431.0001i_01507 930 NA 	 phage tail protein 	 NA 	 similar to AA sequence:GCF_001705995.2_ASM170599v2_genomic.gbff:WP_068580500.1 	 NA	
PROT.1109.6095431.0001i_01508	PROT.1109.6095431.0001i_01508 492 NA 	 phage tail protein 	 NA 	 similar to AA sequence:GCF_001705995.2_ASM170599v2_genomic.gbff:WP_083236081.1 	 NA	
PROT.1109.6095431.0001i_01513	PROT.1109.6095431.0001i_01513 525 NA 	 hypothetical protein 	 NA 	 NA 	 NA	
PROT.1109.6095431.0001i_01514	PROT.1109.6095431.0001i_01514 612 NA 	 phage baseplate assembly protein V 	 NA 	 similar to AA sequence:GCF_001705995.2_ASM170599v2_genomic.gbff:WP_068580511.1 	 NA	
PROT.1109.6095431.0001i_01515	PROT.1109.6095431.0001i_01515 333 NA 	 phage baseplate protein 	 NA 	 similar to AA sequence:GCF_001705995.2_ASM170599v2_genomic.gbff:WP_053135635.1 	 NA	
PROT.1109.6095431.0001i_01516	PROT.1109.6095431.0001i_01516 996 NA 	 baseplate J/gp47 family protein 	 NA 	 similar to AA sequence:GCF_001705995.2_ASM170599v2_genomic.gbff:WP_068580513.1 	 NA	
PROT.1109.6095431.0001i_01521	PROT.1109.6095431.0001i_01521 204 NA 	 hypothetical protein 	 NA 	 NA 	 NA	
PROT.1109.6095431.0001i_01522	PROT.1109.6095431.0001i_01522 1167 NA 	 tail protein 	 NA 	 similar to AA sequence:GCF_001705995.2_ASM170599v2_genomic.gbff:WP_022642636.1 	 NA	
PROT.1109.6095431.0001i_01523	PROT.1109.6095431.0001i_01523 507 NA 	 phage major tail tube protein 	 NA 	 similar to AA sequence:GCF_001705995.2_ASM170599v2_genomic.gbff:WP_068580522.1 	 NA	
PROT.1109.6095431.0001i_01524	PROT.1109.6095431.0001i_01524 570 NA 	 phage tail assembly protein 	 NA 	 similar to AA sequence:GCF_001705995.2_ASM170599v2_genomic.gbff:WP_068580526.1 	 NA	
PROT.1109.6095431.0001i_01525	PROT.1109.6095431.0001i_01525 126 NA 	 hypothetical protein 	 NA 	 NA 	 NA	
PROT.1109.6095431.0001i_01526	PROT.1109.6095431.0001i_01526 2337 NA 	 phage tail tape measure protein 	 NA 	 similar to AA sequence:GCF_001705995.2_ASM170599v2_genomic.gbff:WP_068580528.1 	 NA	
PROT.1109.6095431.0001i_01527	PROT.1109.6095431.0001i_01527 384 NA 	 phage tail protein 	 NA 	 similar to AA sequence:GCF_001705995.2_ASM170599v2_genomic.gbff:WP_068580530.1 	 NA	
PROT.1109.6095431.0001i_01528	PROT.1109.6095431.0001i_01528 213 NA 	 tail protein X 	 NA 	 similar to AA sequence:GCF_001705995.2_ASM170599v2_genomic.gbff:WP_022642643.1 	 NA	
PROT.1109.6095431.0001i_01529	PROT.1109.6095431.0001i_01529 1011 NA 	 phage tail protein 	 NA 	 similar to AA sequence:GCF_001705995.2_ASM170599v2_genomic.gbff:WP_068580532.1 	 NA	
PROT.1109.6095431.0001i_01532	PROT.1109.6095431.0001i_01532 183 NA 	 hypothetical protein 	 NA 	 NA 	 NA	
PROT.1109.6095431.0001i_01595	PROT.1109.6095431.0001i_01595 753 NA 	 putative DNA-binding domain-containing protein 	 NA 	 similar to AA sequence:GCF_001705995.2_ASM170599v2_genomic.gbff:WP_068581921.1 	 NA	
PROT.1109.6095431.0001i_01607	PROT.1109.6095431.0001i_01607 369 NA 	 YkgJ family cysteine cluster protein 	 NA 	 similar to AA sequence:GCF_001705995.2_ASM170599v2_genomic.gbff:WP_068581968.1 	 NA	
PROT.1109.6095431.0001i_01631	PROT.1109.6095431.0001i_01631 885 NA 	 DMT family transporter 	 NA 	 similar to AA sequence:GCF_001705995.2_ASM170599v2_genomic.gbff:WP_068582023.1 	 NA	
PROT.1109.6095431.0001i_01651	PROT.1109.6095431.0001i_01651 756 NA 	 TPM domain-containing protein 	 NA 	 similar to AA sequence:GCF_001705995.2_ASM170599v2_genomic.gbff:WP_068582205.1 	 NA	
PROT.1109.6095431.0001i_01658	PROT.1109.6095431.0001i_01658 2562 NA 	 TonB-dependent receptor 	 NA 	 similar to AA sequence:GCF_001705995.2_ASM170599v2_genomic.gbff:WP_068582096.1 	 NA	
PROT.1109.6095431.0001i_01668	PROT.1109.6095431.0001i_01668 810 NA 	 class II aldolase/adducin family protein 	 NA 	 similar to AA sequence:GCF_001705995.2_ASM170599v2_genomic.gbff:WP_068582119.1 	 NA	
PROT.1109.6095431.0001i_01675	PROT.1109.6095431.0001i_01675 2469 NA 	 TonB-dependent receptor 	 NA 	 similar to AA sequence:GCF_001705995.2_ASM170599v2_genomic.gbff:WP_068582148.1 	 NA	
PROT.1109.6095431.0001i_01677	PROT.1109.6095431.0001i_01677 777 NA 	 2OG-Fe(II) oxygenase 	 NA 	 similar to AA sequence:GCF_001705995.2_ASM170599v2_genomic.gbff:WP_068582150.1 	 NA	
PROT.1109.6095431.0001i_01678	PROT.1109.6095431.0001i_01678 750 NA 	 tRNA-dependent cyclodipeptide synthase 	 NA 	 similar to AA sequence:GCF_001705995.2_ASM170599v2_genomic.gbff:WP_068582152.1 	 NA	
PROT.1109.6095431.0001i_01679	PROT.1109.6095431.0001i_01679 1428 NA 	 MFS transporter 	 NA 	 similar to AA sequence:GCF_001705995.2_ASM170599v2_genomic.gbff:WP_068582154.1 	 NA	
PROT.1109.6095431.0001i_01682	PROT.1109.6095431.0001i_01682 504 NA 	 hypothetical protein 	 NA 	 NA 	 NA	
PROT.1109.6095431.0001i_01690	PROT.1109.6095431.0001i_01690 741 NA 	 hypothetical protein 	 NA 	 NA 	 NA	
PROT.1109.6095431.0001i_01692	PROT.1109.6095431.0001i_01692 444 fos 	 fosfomycin resistance glutathione transferase 	 NA 	 similar to AA sequence:GCF_001705995.2_ASM170599v2_genomic.gbff:WP_068582188.1 	 NA	
PROT.1109.6095431.0001i_01803	PROT.1109.6095431.0001i_01803 402 NA 	 hypothetical protein 	 NA 	 similar to AA sequence:GCF_001705995.2_ASM170599v2_genomic.gbff:WP_068586021.1 	 NA	
PROT.1109.6095431.0001i_01815	PROT.1109.6095431.0001i_01815 1245 NA 	 MFS transporter 	 NA 	 similar to AA sequence:GCF_001705995.2_ASM170599v2_genomic.gbff:WP_068585987.1 	 NA	
PROT.1109.6095431.0001i_01827	PROT.1109.6095431.0001i_01827 846 NA 	 SDR family NAD(P)-dependent oxidoreductase 	 NA 	 similar to AA sequence:GCF_001705995.2_ASM170599v2_genomic.gbff:WP_068585953.1 	 NA	
PROT.1109.6095431.0001i_01832	PROT.1109.6095431.0001i_01832 261 NA 	 hypothetical protein 	 NA 	 NA 	 NA	
PROT.1109.6095431.0001i_01877	PROT.1109.6095431.0001i_01877 1602 NA 	 sigma-54-dependent transcriptional regulator 	 NA 	 similar to AA sequence:GCF_001705995.2_ASM170599v2_genomic.gbff:WP_068586180.1 	 NA	
PROT.1109.6095431.0001i_01881	PROT.1109.6095431.0001i_01881 1110 NA 	 flagellar basal body P-ring protein FlgI 	 NA 	 similar to AA sequence:GCF_001705995.2_ASM170599v2_genomic.gbff:WP_068586169.1 	 NA	
PROT.1109.6095431.0001i_01885	PROT.1109.6095431.0001i_01885 3681 NA 	 glycosyltransferase 	 NA 	 similar to AA sequence:GCF_001705995.2_ASM170599v2_genomic.gbff:WP_068585853.1 	 NA	
PROT.1109.6095431.0001i_02014	PROT.1109.6095431.0001i_02014 1050 NA 	 HAMP domain-containing histidine kinase 	 NA 	 similar to AA sequence:GCF_001705995.2_ASM170599v2_genomic.gbff:WP_068587948.1 	 NA	
PROT.1109.6095431.0001i_02031	PROT.1109.6095431.0001i_02031 627 NA 	 hypothetical protein 	 NA 	 NA 	 NA	
PROT.1109.6095431.0001i_02079	PROT.1109.6095431.0001i_02079 1215 NA 	 MFS transporter 	 NA 	 similar to AA sequence:GCF_001705995.2_ASM170599v2_genomic.gbff:WP_068577927.1 	 NA	
PROT.1109.6095431.0001i_02080	PROT.1109.6095431.0001i_02080 642 NA 	 HD domain-containing protein 	 NA 	 similar to AA sequence:GCF_001705995.2_ASM170599v2_genomic.gbff:WP_068577925.1 	 NA	
PROT.1109.6095431.0001i_02144	PROT.1109.6095431.0001i_02144 567 NA 	 phage tail protein I 	 NA 	 similar to AA sequence:GCF_001705995.2_ASM170599v2_genomic.gbff:WP_068577801.1 	 NA	
PROT.1109.6095431.0001i_02159	PROT.1109.6095431.0001i_02159 309 NA 	 hypothetical protein 	 NA 	 NA 	 NA	
PROT.1109.6095431.0001i_02160	PROT.1109.6095431.0001i_02160 825 NA 	 hypothetical protein 	 NA 	 NA 	 NA	
PROT.1109.6095431.0001i_02164	PROT.1109.6095431.0001i_02164 336 NA 	 hypothetical protein 	 NA 	 similar to AA sequence:GCF_001705995.2_ASM170599v2_genomic.gbff:WP_068577323.1 	 NA	
PROT.1109.6095431.0001i_02168	PROT.1109.6095431.0001i_02168 696 NA 	 HAD-IA family hydrolase 	 NA 	 similar to AA sequence:GCF_001705995.2_ASM170599v2_genomic.gbff:WP_068577318.1 	 NA	
PROT.1109.6095431.0001i_02180	PROT.1109.6095431.0001i_02180 885 prpB 	 methylisocitrate lyase 	 4.1.3.30 	 similar to AA sequence:GCF_001705995.2_ASM170599v2_genomic.gbff:WP_068577298.1 	 NA	
PROT.1109.6095431.0001i_02181	PROT.1109.6095431.0001i_02181 1158 prpC 	 2-methylcitrate synthase 	 2.3.3.16 	 similar to AA sequence:GCF_001705995.2_ASM170599v2_genomic.gbff:WP_068577296.1 	 NA	
PROT.1109.6095431.0001i_02211	PROT.1109.6095431.0001i_02211 468 NA 	 SMI1/KNR4 family protein 	 NA 	 similar to AA sequence:GCF_001705995.2_ASM170599v2_genomic.gbff:WP_068577239.1 	 NA	
PROT.1109.6095431.0001i_02220	PROT.1109.6095431.0001i_02220 504 NA 	 GrpB family protein 	 NA 	 similar to AA sequence:GCF_001705995.2_ASM170599v2_genomic.gbff:WP_068577223.1 	 NA	
PROT.1109.6095431.0001i_02224	PROT.1109.6095431.0001i_02224 372 NA 	 VOC family protein 	 NA 	 similar to AA sequence:GCF_001705995.2_ASM170599v2_genomic.gbff:WP_068577216.1 	 NA	
PROT.1109.6095431.0001i_02236	PROT.1109.6095431.0001i_02236 480 NA 	 hypothetical protein 	 NA 	 NA 	 NA	
PROT.1109.6095431.0001i_02502	PROT.1109.6095431.0001i_02502 879 hchA 	 protein deglycase HchA 	 3.5.1.124 	 similar to AA sequence:GCF_001705995.2_ASM170599v2_genomic.gbff:WP_068580909.1 	 NA	
PROT.1109.6095431.0001i_02503	PROT.1109.6095431.0001i_02503 729 NA 	 autoinducer binding domain-containing protein 	 NA 	 similar to AA sequence:GCF_001705995.2_ASM170599v2_genomic.gbff:WP_068580906.1 	 NA	
PROT.1109.6095431.0001i_02504	PROT.1109.6095431.0001i_02504 1020 NA 	 NAD(P)H-quinone oxidoreductase 	 NA 	 similar to AA sequence:GCF_001705995.2_ASM170599v2_genomic.gbff:WP_068580959.1 	 NA	
PROT.1109.6095431.0001i_02506	PROT.1109.6095431.0001i_02506 1083 NA 	 glycosyltransferase family 2 protein 	 NA 	 similar to AA sequence:GCF_001705995.2_ASM170599v2_genomic.gbff:WP_068580902.1 	 NA	
PROT.1109.6095431.0001i_02507	PROT.1109.6095431.0001i_02507 1032 NA 	 hypothetical protein 	 NA 	 NA 	 NA	
PROT.1109.6095431.0001i_02546	PROT.1109.6095431.0001i_02546 1155 NA 	 alpha-hydroxy-acid oxidizing protein 	 NA 	 similar to AA sequence:GCF_001705995.2_ASM170599v2_genomic.gbff:WP_068580786.1 	 NA	
PROT.1109.6095431.0001i_02558	PROT.1109.6095431.0001i_02558 660 NA 	 carbonic anhydrase 	 NA 	 similar to AA sequence:GCF_001705995.2_ASM170599v2_genomic.gbff:WP_068580604.1 	 NA	
PROT.1109.6095431.0001i_02592	PROT.1109.6095431.0001i_02592 435 NA 	 hypothetical protein 	 NA 	 NA 	 NA	
PROT.1109.6095431.0001i_02597	PROT.1109.6095431.0001i_02597 1365 NA 	 APC family permease 	 NA 	 similar to AA sequence:GCF_001705995.2_ASM170599v2_genomic.gbff:WP_068580664.1 	 NA	
PROT.1109.6095431.0001i_02602	PROT.1109.6095431.0001i_02602 636 catB 	 type B chloramphenicol O-acetyltransferase 	 NA 	 similar to AA sequence:GCF_001705995.2_ASM170599v2_genomic.gbff:WP_068580672.1 	 NA	
PROT.1109.6095431.0001i_02603	PROT.1109.6095431.0001i_02603 1257 NA 	 NADH:flavin oxidoreductase/NADH oxidase family protein 	 NA 	 similar to AA sequence:GCF_001705995.2_ASM170599v2_genomic.gbff:WP_068580673.1 	 NA	
PROT.1109.6095431.0001i_02604	PROT.1109.6095431.0001i_02604 462 NA 	 MerR family transcriptional regulator 	 NA 	 similar to AA sequence:GCF_001705995.2_ASM170599v2_genomic.gbff:WP_068580674.1 	 NA	
PROT.1109.6095431.0001i_02615	PROT.1109.6095431.0001i_02615 384 crcB_1 	 fluoride efflux transporter CrcB 	 NA 	 similar to AA sequence:GCF_001705995.2_ASM170599v2_genomic.gbff:WP_068580689.1 	 NA	
PROT.1109.6095431.0001i_02628	PROT.1109.6095431.0001i_02628 936 NA 	 hypothetical protein 	 NA 	 NA 	 NA	
PROT.1109.6095431.0001i_02630	PROT.1109.6095431.0001i_02630 771 NA 	 aminoglycoside 3'-phosphotransferase 	 NA 	 similar to AA sequence:GCF_001705995.2_ASM170599v2_genomic.gbff:WP_068580712.1 	 NA	
PROT.1109.6095431.0001i_02634	PROT.1109.6095431.0001i_02634 393 NA 	 VOC family protein 	 NA 	 similar to AA sequence:GCF_001705995.2_ASM170599v2_genomic.gbff:WP_068580718.1 	 NA	
PROT.1109.6095431.0001i_02661	PROT.1109.6095431.0001i_02661 1539 NA 	 EAL domain-containing protein 	 NA 	 similar to AA sequence:GCF_001705995.2_ASM170599v2_genomic.gbff:WP_068588141.1 	 NA	
PROT.1109.6095431.0001i_02673	PROT.1109.6095431.0001i_02673 1152 NA 	 glycerate kinase 	 NA 	 similar to AA sequence:GCF_001705995.2_ASM170599v2_genomic.gbff:WP_068588170.1 	 NA	
PROT.1109.6095431.0001i_02681	PROT.1109.6095431.0001i_02681 672 NA 	 fumarylacetoacetate hydrolase family protein 	 NA 	 similar to AA sequence:GCF_001705995.2_ASM170599v2_genomic.gbff:WP_068588186.1 	 NA	
PROT.1109.6095431.0001i_02705	PROT.1109.6095431.0001i_02705 615 NA 	 glutathione S-transferase 	 NA 	 similar to AA sequence:GCF_001705995.2_ASM170599v2_genomic.gbff:WP_068588250.1 	 NA	
PROT.1109.6095431.0001i_02721	PROT.1109.6095431.0001i_02721 726 NA 	 hypothetical protein 	 NA 	 similar to AA sequence:GCF_001705995.2_ASM170599v2_genomic.gbff:WP_068588297.1 	 NA	
PROT.1109.6095431.0001i_02724	PROT.1109.6095431.0001i_02724 1365 NA 	 glycosyltransferase family 39 protein 	 NA 	 similar to AA sequence:GCF_001705995.2_ASM170599v2_genomic.gbff:WP_141698294.1 	 NA	
PROT.1109.6095431.0001i_02740	PROT.1109.6095431.0001i_02740 1212 gspF_1 	 type II secretion system inner membrane protein GspF 	 NA 	 similar to AA sequence:GCF_001705995.2_ASM170599v2_genomic.gbff:WP_068588917.1 	 NA	
PROT.1109.6095431.0001i_02743	PROT.1109.6095431.0001i_02743 12534 NA 	 filamentous hemagglutinin family protein 	 NA 	 similar to AA sequence:GCF_001705995.2_ASM170599v2_genomic.gbff:WP_068588906.1 	 NA	
PROT.1109.6095431.0001i_02821	PROT.1109.6095431.0001i_02821 897 NA 	 alpha/beta fold hydrolase 	 NA 	 similar to AA sequence:GCF_001705995.2_ASM170599v2_genomic.gbff:WP_124347782.1 	 NA	
PROT.1109.6095431.0001i_02822	PROT.1109.6095431.0001i_02822 798 NA 	 crotonase/enoyl-CoA hydratase family protein 	 NA 	 similar to AA sequence:GCF_001705995.2_ASM170599v2_genomic.gbff:WP_068587140.1 	 NA	
PROT.1109.6095431.0001i_02823	PROT.1109.6095431.0001i_02823 567 NA 	 TetR/AcrR family transcriptional regulator 	 NA 	 similar to AA sequence:GCF_001705995.2_ASM170599v2_genomic.gbff:WP_068587139.1 	 NA	
PROT.1109.6095431.0001i_02826	PROT.1109.6095431.0001i_02826 1206 NA 	 MFS transporter 	 NA 	 similar to AA sequence:GCF_001705995.2_ASM170599v2_genomic.gbff:WP_068587135.1 	 NA	
PROT.1109.6095431.0001i_02827	PROT.1109.6095431.0001i_02827 909 NA 	 LysR family transcriptional regulator 	 NA 	 similar to AA sequence:GCF_001705995.2_ASM170599v2_genomic.gbff:WP_068587133.1 	 NA	
PROT.1109.6095431.0001i_02829	PROT.1109.6095431.0001i_02829 705 NA 	 hypothetical protein 	 NA 	 NA 	 NA	
PROT.1109.6095431.0001i_02835	PROT.1109.6095431.0001i_02835 498 NA 	 hypothetical protein 	 NA 	 NA 	 NA	
PROT.1109.6095431.0001i_02836	PROT.1109.6095431.0001i_02836 372 NA 	 hypothetical protein 	 NA 	 NA 	 NA	
PROT.1109.6095431.0001i_02837	PROT.1109.6095431.0001i_02837 549 NA 	 hypothetical protein 	 NA 	 NA 	 NA	
PROT.1109.6095431.0001i_02839	PROT.1109.6095431.0001i_02839 858 NA 	 sel1 repeat family protein 	 NA 	 similar to AA sequence:GCF_001705995.2_ASM170599v2_genomic.gbff:WP_068587117.1 	 NA	
PROT.1109.6095431.0001i_02843	PROT.1109.6095431.0001i_02843 1017 NA 	 Ldh family oxidoreductase 	 NA 	 similar to AA sequence:GCF_001705995.2_ASM170599v2_genomic.gbff:WP_068587113.1 	 NA	
PROT.1109.6095431.0001i_02844	PROT.1109.6095431.0001i_02844 1578 NA 	 aldehyde dehydrogenase (NADP(+)) 	 NA 	 similar to AA sequence:GCF_001705995.2_ASM170599v2_genomic.gbff:WP_068587112.1 	 NA	
PROT.1109.6095431.0001i_02845	PROT.1109.6095431.0001i_02845 945 NA 	 dihydrodipicolinate synthase family protein 	 NA 	 similar to AA sequence:GCF_001705995.2_ASM170599v2_genomic.gbff:WP_068587111.1 	 NA	
PROT.1109.6095431.0001i_02846	PROT.1109.6095431.0001i_02846 1374 abaF 	 fosfomycin efflux MFS transporter AbaF 	 NA 	 similar to AA sequence:GCF_001705995.2_ASM170599v2_genomic.gbff:WP_068607936.1 	 NA	
PROT.1109.6095431.0001i_02847	PROT.1109.6095431.0001i_02847 666 NA 	 GntR family transcriptional regulator 	 NA 	 similar to AA sequence:GCF_001705995.2_ASM170599v2_genomic.gbff:WP_068587144.1 	 NA	
PROT.1109.6095431.0001i_02871	PROT.1109.6095431.0001i_02871 975 NA 	 hypothetical protein 	 NA 	 similar to AA sequence:GCF_001705995.2_ASM170599v2_genomic.gbff:WP_068587169.1 	 NA	
PROT.1109.6095431.0001i_02887	PROT.1109.6095431.0001i_02887 3354 treS 	 maltose alpha-D-glucosyltransferase 	 5.4.99.16 	 similar to AA sequence:GCF_001705995.2_ASM170599v2_genomic.gbff:WP_068587209.1 	 NA	
PROT.1109.6095431.0001i_02892	PROT.1109.6095431.0001i_02892 288 NA 	 hypothetical protein 	 NA 	 similar to AA sequence:GCF_001705995.2_ASM170599v2_genomic.gbff:WP_068587218.1 	 NA	
PROT.1109.6095431.0001i_02904	PROT.1109.6095431.0001i_02904 456 NA 	 SRPBCC family protein 	 NA 	 similar to AA sequence:GCF_001705995.2_ASM170599v2_genomic.gbff:WP_068587021.1 	 NA	
PROT.1109.6095431.0001i_02927	PROT.1109.6095431.0001i_02927 513 NA 	 RNA polymerase sigma factor 	 NA 	 similar to AA sequence:GCF_001705995.2_ASM170599v2_genomic.gbff:WP_068587049.1 	 NA	
PROT.1109.6095431.0001i_02937	PROT.1109.6095431.0001i_02937 240 NA 	 hypothetical protein 	 NA 	 NA 	 NA	
PROT.1109.6095431.0001i_02943	PROT.1109.6095431.0001i_02943 822 NA 	 Cof-type HAD-IIB family hydrolase 	 NA 	 similar to AA sequence:GCF_001705995.2_ASM170599v2_genomic.gbff:WP_068586622.1 	 NA	
PROT.1109.6095431.0001i_02946	PROT.1109.6095431.0001i_02946 2148 NA 	 phospholipase C, phosphocholine-specific 	 NA 	 similar to AA sequence:GCF_001705995.2_ASM170599v2_genomic.gbff:WP_068586609.1 	 NA	
PROT.1109.6095431.0001i_03010	PROT.1109.6095431.0001i_03010 939 NA 	 carbohydrate kinase 	 NA 	 similar to AA sequence:GCF_001705995.2_ASM170599v2_genomic.gbff:WP_068575913.1 	 NA	
PROT.1109.6095431.0001i_03049	PROT.1109.6095431.0001i_03049 471 NA 	 hypothetical protein 	 NA 	 NA 	 NA	
PROT.1109.6095431.0001i_03052	PROT.1109.6095431.0001i_03052 660 NA 	 ArsR family transcriptional regulator 	 NA 	 similar to AA sequence:GCF_001705995.2_ASM170599v2_genomic.gbff:WP_164823667.1 	 NA	
PROT.1109.6095431.0001i_03053	PROT.1109.6095431.0001i_03053 1410 NA 	 MFS transporter 	 NA 	 similar to AA sequence:GCF_001705995.2_ASM170599v2_genomic.gbff:WP_068587246.1 	 NA	
PROT.1109.6095431.0001i_03054	PROT.1109.6095431.0001i_03054 618 NA 	 class I SAM-dependent methyltransferase 	 NA 	 similar to AA sequence:GCF_001705995.2_ASM170599v2_genomic.gbff:WP_068587245.1 	 NA	
PROT.1109.6095431.0001i_03108	PROT.1109.6095431.0001i_03108 621 NA 	 paraquat-inducible protein A 	 NA 	 similar to AA sequence:GCF_001705995.2_ASM170599v2_genomic.gbff:WP_068589616.1 	 NA	
PROT.1109.6095431.0001i_03117	PROT.1109.6095431.0001i_03117 978 mexC_1 	 MexC family multidrug efflux RND transporter periplasmic adaptor subunit 	 NA 	 similar to AA sequence:GCF_001705995.2_ASM170599v2_genomic.gbff:WP_164823675.1 	 NA	
PROT.1109.6095431.0001i_03121	PROT.1109.6095431.0001i_03121 639 NA 	 paraquat-inducible protein A 	 NA 	 similar to AA sequence:GCF_001705995.2_ASM170599v2_genomic.gbff:WP_068583057.1 	 NA	
PROT.1109.6095431.0001i_03152	PROT.1109.6095431.0001i_03152 1959 macB_1 	 MacB family efflux pump subunit 	 NA 	 similar to AA sequence:GCF_001705995.2_ASM170599v2_genomic.gbff:WP_068588126.1 	 NA	
PROT.1109.6095431.0001i_03153	PROT.1109.6095431.0001i_03153 1152 macA_1 	 macrolide transporter subunit MacA 	 NA 	 similar to AA sequence:GCF_001705995.2_ASM170599v2_genomic.gbff:WP_068588124.1 	 NA	
PROT.1109.6095431.0001i_03162	PROT.1109.6095431.0001i_03162 2007 NA 	 neutral/alkaline ceramidase 	 NA 	 similar to AA sequence:GCF_001705995.2_ASM170599v2_genomic.gbff:WP_068588110.1 	 NA	
PROT.1109.6095431.0001i_03163	PROT.1109.6095431.0001i_03163 441 plcR_1 	 phospholipase C accessory protein PlcR 	 NA 	 similar to AA sequence:GCF_001705995.2_ASM170599v2_genomic.gbff:WP_068588107.1 	 NA	
PROT.1109.6095431.0001i_03165	PROT.1109.6095431.0001i_03165 2118 NA 	 phospholipase C, phosphocholine-specific 	 NA 	 similar to AA sequence:GCF_001705995.2_ASM170599v2_genomic.gbff:WP_084823423.1 	 NA	
PROT.1109.6095431.0001i_03166	PROT.1109.6095431.0001i_03166 597 plcR_2 	 phospholipase C accessory protein PlcR 	 NA 	 similar to AA sequence:GCF_001705995.2_ASM170599v2_genomic.gbff:WP_164823681.1 	 NA	
PROT.1109.6095431.0001i_03167	PROT.1109.6095431.0001i_03167 1701 gspE_2 	 type II secretion system ATPase GspE 	 NA 	 similar to AA sequence:GCF_001705995.2_ASM170599v2_genomic.gbff:WP_068576968.1 	 NA	
PROT.1109.6095431.0001i_03168	PROT.1109.6095431.0001i_03168 1212 gspF_2 	 type II secretion system inner membrane protein GspF 	 NA 	 similar to AA sequence:GCF_001705995.2_ASM170599v2_genomic.gbff:WP_068576966.1 	 NA	
PROT.1109.6095431.0001i_03169	PROT.1109.6095431.0001i_03169 423 gspG_2 	 type II secretion system major pseudopilin GspG 	 NA 	 similar to AA sequence:GCF_001705995.2_ASM170599v2_genomic.gbff:WP_068576964.1 	 NA	
PROT.1109.6095431.0001i_03170	PROT.1109.6095431.0001i_03170 465 NA 	 GspH/FimT family protein 	 NA 	 similar to AA sequence:GCF_001705995.2_ASM170599v2_genomic.gbff:WP_068576962.1 	 NA	
PROT.1109.6095431.0001i_03171	PROT.1109.6095431.0001i_03171 381 NA 	 type II secretion system protein 	 NA 	 similar to AA sequence:GCF_001705995.2_ASM170599v2_genomic.gbff:WP_068576959.1 	 NA	
PROT.1109.6095431.0001i_03172	PROT.1109.6095431.0001i_03172 612 NA 	 hypothetical protein 	 NA 	 similar to AA sequence:GCF_001705995.2_ASM170599v2_genomic.gbff:WP_068576957.1 	 NA	
PROT.1109.6095431.0001i_03173	PROT.1109.6095431.0001i_03173 714 NA 	 general secretion pathway protein GspK 	 NA 	 similar to AA sequence:GCF_001705995.2_ASM170599v2_genomic.gbff:WP_068576956.1 	 NA	
PROT.1109.6095431.0001i_03174	PROT.1109.6095431.0001i_03174 1098 NA 	 hypothetical protein 	 NA 	 NA 	 NA	
PROT.1109.6095431.0001i_03175	PROT.1109.6095431.0001i_03175 600 NA 	 hypothetical protein 	 NA 	 NA 	 NA	
PROT.1109.6095431.0001i_03176	PROT.1109.6095431.0001i_03176 537 NA 	 hypothetical protein 	 NA 	 similar to AA sequence:GCF_001705995.2_ASM170599v2_genomic.gbff:WP_068576952.1 	 NA	
PROT.1109.6095431.0001i_03177	PROT.1109.6095431.0001i_03177 2241 gspD_2 	 type II secretion system secretin GspD 	 NA 	 similar to AA sequence:GCF_001705995.2_ASM170599v2_genomic.gbff:WP_068576950.1 	 NA	
PROT.1109.6095431.0001i_03201	PROT.1109.6095431.0001i_03201 567 NA 	 hypothetical protein 	 NA 	 NA 	 NA	
PROT.1109.6095431.0001i_03202	PROT.1109.6095431.0001i_03202 1038 NA 	 hypothetical protein 	 NA 	 NA 	 NA	
PROT.1109.6095431.0001i_03205	PROT.1109.6095431.0001i_03205 378 NA 	 cytochrome c 	 NA 	 similar to AA sequence:GCF_001705995.2_ASM170599v2_genomic.gbff:WP_068576910.1 	 NA	
PROT.1109.6095431.0001i_03214	PROT.1109.6095431.0001i_03214 597 NA 	 hypothetical protein 	 NA 	 NA 	 NA	
PROT.1109.6095431.0001i_03215	PROT.1109.6095431.0001i_03215 612 NA 	 LysE family translocator 	 NA 	 similar to AA sequence:GCF_001705995.2_ASM170599v2_genomic.gbff:WP_068576891.1 	 NA	
PROT.1109.6095431.0001i_03218	PROT.1109.6095431.0001i_03218 894 NA 	 LysR family transcriptional regulator 	 NA 	 similar to AA sequence:GCF_001705995.2_ASM170599v2_genomic.gbff:WP_068576885.1 	 NA	
PROT.1109.6095431.0001i_03219	PROT.1109.6095431.0001i_03219 852 NA 	 oxaloacetate decarboxylase 	 NA 	 similar to AA sequence:GCF_001705995.2_ASM170599v2_genomic.gbff:WP_068576882.1 	 NA	
PROT.1109.6095431.0001i_03220	PROT.1109.6095431.0001i_03220 726 NA 	 type 1 glutamine amidotransferase domain-containing protein 	 NA 	 similar to AA sequence:GCF_001705995.2_ASM170599v2_genomic.gbff:WP_068576881.1 	 NA	
PROT.1109.6095431.0001i_03221	PROT.1109.6095431.0001i_03221 984 NA 	 acetoacetate decarboxylase (ADC) 	 NA 	 similar to AA sequence:GCF_001705995.2_ASM170599v2_genomic.gbff:WP_124348357.1 	 NA	
PROT.1109.6095431.0001i_03223	PROT.1109.6095431.0001i_03223 921 NA 	 LysR family transcriptional regulator 	 NA 	 similar to AA sequence:GCF_001705995.2_ASM170599v2_genomic.gbff:WP_068576875.1 	 NA	
PROT.1109.6095431.0001i_03224	PROT.1109.6095431.0001i_03224 609 NA 	 glutathione S-transferase 	 NA 	 similar to AA sequence:GCF_001705995.2_ASM170599v2_genomic.gbff:WP_068576873.1 	 NA	
PROT.1109.6095431.0001i_03228	PROT.1109.6095431.0001i_03228 342 NA 	 helix-turn-helix transcriptional regulator 	 NA 	 similar to AA sequence:GCF_001705995.2_ASM170599v2_genomic.gbff:WP_068576864.1 	 NA	
PROT.1109.6095431.0001i_03234	PROT.1109.6095431.0001i_03234 621 NA 	 paraquat-inducible protein A 	 NA 	 similar to AA sequence:GCF_001705995.2_ASM170599v2_genomic.gbff:WP_068576854.1 	 NA	
PROT.1109.6095431.0001i_03237	PROT.1109.6095431.0001i_03237 1053 mexC_2 	 MexC family multidrug efflux RND transporter periplasmic adaptor subunit 	 NA 	 similar to AA sequence:GCF_001705995.2_ASM170599v2_genomic.gbff:WP_068576176.1 	 NA	
PROT.1109.6095431.0001i_03239	PROT.1109.6095431.0001i_03239 657 NA 	 paraquat-inducible protein A 	 NA 	 similar to AA sequence:GCF_001705995.2_ASM170599v2_genomic.gbff:WP_068576174.1 	 NA	
PROT.1109.6095431.0001i_03241	PROT.1109.6095431.0001i_03241 246 NA 	 hypothetical protein 	 NA 	 NA 	 NA	
PROT.1109.6095431.0001i_03246	PROT.1109.6095431.0001i_03246 681 NA 	 polysaccharide lyase family 7 protein 	 NA 	 similar to AA sequence:GCF_001705995.2_ASM170599v2_genomic.gbff:WP_068576165.1 	 NA	
PROT.1109.6095431.0001i_03247	PROT.1109.6095431.0001i_03247 804 NA 	 phytanoyl-CoA dioxygenase family protein 	 NA 	 similar to AA sequence:GCF_001705995.2_ASM170599v2_genomic.gbff:WP_068576163.1 	 NA	
PROT.1109.6095431.0001i_03248	PROT.1109.6095431.0001i_03248 1416 NA 	 amino acid permease 	 NA 	 similar to AA sequence:GCF_001705995.2_ASM170599v2_genomic.gbff:WP_068576161.1 	 NA	
PROT.1109.6095431.0001i_03249	PROT.1109.6095431.0001i_03249 897 NA 	 LysR family transcriptional regulator 	 NA 	 similar to AA sequence:GCF_001705995.2_ASM170599v2_genomic.gbff:WP_068576159.1 	 NA	
PROT.1109.6095431.0001i_03250	PROT.1109.6095431.0001i_03250 804 dkgB 	 2,5-didehydrogluconate reductase DkgB 	 1.1.1.346 	 similar to AA sequence:GCF_001705995.2_ASM170599v2_genomic.gbff:WP_068576157.1 	 NA	
PROT.1109.6095431.0001i_03251	PROT.1109.6095431.0001i_03251 966 NA 	 TIGR03571 family LLM class oxidoreductase 	 1.-.-.- 	 similar to AA sequence:GCF_001705995.2_ASM170599v2_genomic.gbff:WP_068576192.1 	 NA	
PROT.1109.6095431.0001i_03252	PROT.1109.6095431.0001i_03252 345 NA 	 adenylate cyclase 	 NA 	 similar to AA sequence:GCF_001705995.2_ASM170599v2_genomic.gbff:WP_068576155.1 	 NA	
PROT.1109.6095431.0001i_03254	PROT.1109.6095431.0001i_03254 888 NA 	 AraC family transcriptional regulator 	 NA 	 similar to AA sequence:GCF_001705995.2_ASM170599v2_genomic.gbff:WP_068576152.1 	 NA	
PROT.1109.6095431.0001i_03255	PROT.1109.6095431.0001i_03255 3186 NA 	 multidrug efflux RND transporter permease subunit 	 NA 	 similar to AA sequence:GCF_001705995.2_ASM170599v2_genomic.gbff:WP_068576150.1 	 NA	
PROT.1109.6095431.0001i_03256	PROT.1109.6095431.0001i_03256 1176 NA 	 efflux RND transporter periplasmic adaptor subunit 	 NA 	 similar to AA sequence:GCF_001705995.2_ASM170599v2_genomic.gbff:WP_068576148.1 	 NA	
PROT.1109.6095431.0001i_03268	PROT.1109.6095431.0001i_03268 342 NA 	 hypothetical protein 	 NA 	 NA 	 NA	
PROT.1109.6095431.0001i_03270	PROT.1109.6095431.0001i_03270 429 NA 	 nuclear transport factor 2 family protein 	 NA 	 similar to AA sequence:GCF_001705995.2_ASM170599v2_genomic.gbff:WP_068576127.1 	 NA	
PROT.1109.6095431.0001i_03272	PROT.1109.6095431.0001i_03272 624 NA 	 TetR/AcrR family transcriptional regulator 	 NA 	 similar to AA sequence:GCF_001705995.2_ASM170599v2_genomic.gbff:WP_068576182.1 	 NA	
PROT.1109.6095431.0001i_03273	PROT.1109.6095431.0001i_03273 567 NA 	 transcriptional regulator 	 NA 	 similar to AA sequence:GCF_001705995.2_ASM170599v2_genomic.gbff:WP_068576123.1 	 NA	
PROT.1109.6095431.0001i_03274	PROT.1109.6095431.0001i_03274 1326 NA 	 MFS transporter 	 NA 	 similar to AA sequence:GCF_001705995.2_ASM170599v2_genomic.gbff:WP_068576121.1 	 NA	
PROT.1109.6095431.0001i_03275	PROT.1109.6095431.0001i_03275 1176 NA 	 amidohydrolase 	 NA 	 similar to AA sequence:GCF_001705995.2_ASM170599v2_genomic.gbff:WP_068576119.1 	 NA	
PROT.1109.6095431.0001i_03294	PROT.1109.6095431.0001i_03294 1704 NA 	 AMP-binding protein 	 NA 	 similar to AA sequence:GCF_001705995.2_ASM170599v2_genomic.gbff:WP_068576087.1 	 NA	
PROT.1109.6095431.0001i_03296	PROT.1109.6095431.0001i_03296 894 NA 	 acyl dehydratase 	 NA 	 similar to AA sequence:GCF_001705995.2_ASM170599v2_genomic.gbff:WP_068576083.1 	 NA	
PROT.1109.6095431.0001i_03297	PROT.1109.6095431.0001i_03297 1353 NA 	 3-oxoacyl-ACP reductase 	 NA 	 similar to AA sequence:GCF_001705995.2_ASM170599v2_genomic.gbff:WP_068576081.1 	 NA	
PROT.1109.6095431.0001i_03298	PROT.1109.6095431.0001i_03298 2550 NA 	 acyl-CoA dehydrogenase 	 NA 	 similar to AA sequence:GCF_001705995.2_ASM170599v2_genomic.gbff:WP_068576079.1 	 NA	
PROT.1109.6095431.0001i_03299	PROT.1109.6095431.0001i_03299 1452 NA 	 outer membrane protein transport protein 	 NA 	 similar to AA sequence:GCF_001705995.2_ASM170599v2_genomic.gbff:WP_068576076.1 	 NA	
PROT.1109.6095431.0001i_03306	PROT.1109.6095431.0001i_03306 1575 NA 	 NAD(P)/FAD-dependent oxidoreductase 	 NA 	 similar to AA sequence:GCF_001705995.2_ASM170599v2_genomic.gbff:WP_068587359.1 	 NA	
PROT.1109.6095431.0001i_03320	PROT.1109.6095431.0001i_03320 915 NA 	 LysR family transcriptional regulator 	 NA 	 similar to AA sequence:GCF_001705995.2_ASM170599v2_genomic.gbff:WP_068587335.1 	 NA	
PROT.1109.6095431.0001i_03321	PROT.1109.6095431.0001i_03321 672 NA 	 ABC transporter permease 	 NA 	 similar to AA sequence:GCF_001705995.2_ASM170599v2_genomic.gbff:WP_068587333.1 	 NA	
PROT.1109.6095431.0001i_03336	PROT.1109.6095431.0001i_03336 3093 NA 	 autotransporter domain-containing protein 	 NA 	 similar to AA sequence:GCF_001705995.2_ASM170599v2_genomic.gbff:WP_164823686.1 	 NA	
PROT.1109.6095431.0001i_03342	PROT.1109.6095431.0001i_03342 387 NA 	 protease inhibitor Inh/omp19 family protein 	 NA 	 similar to AA sequence:GCF_001705995.2_ASM170599v2_genomic.gbff:WP_068588617.1 	 NA	
PROT.1109.6095431.0001i_03348	PROT.1109.6095431.0001i_03348 594 NA 	 hypothetical protein 	 NA 	 similar to AA sequence:GCF_001705995.2_ASM170599v2_genomic.gbff:WP_068583439.1 	 NA	
PROT.1109.6095431.0001i_03349	PROT.1109.6095431.0001i_03349 1521 NA 	 APC family permease 	 NA 	 similar to AA sequence:GCF_001705995.2_ASM170599v2_genomic.gbff:WP_068583436.1 	 NA	
PROT.1109.6095431.0001i_03374	PROT.1109.6095431.0001i_03374 1836 NA 	 ATP-dependent Clp protease ATP-binding subunit 	 NA 	 similar to AA sequence:GCF_001705995.2_ASM170599v2_genomic.gbff:WP_068583371.1 	 NA	
PROT.1109.6095431.0001i_03375	PROT.1109.6095431.0001i_03375 636 NA 	 radical SAM protein 	 NA 	 similar to AA sequence:GCF_001705995.2_ASM170599v2_genomic.gbff:WP_068583369.1 	 NA	
PROT.1109.6095431.0001i_03376	PROT.1109.6095431.0001i_03376 6375 NA 	 hypothetical protein 	 NA 	 similar to AA sequence:GCF_001705995.2_ASM170599v2_genomic.gbff:WP_068583367.1 	 NA	
PROT.1109.6095431.0001i_03409	PROT.1109.6095431.0001i_03409 891 NA 	 U32 family peptidase 	 NA 	 similar to AA sequence:GCF_001705995.2_ASM170599v2_genomic.gbff:WP_068583282.1 	 NA	
PROT.1109.6095431.0001i_03410	PROT.1109.6095431.0001i_03410 996 NA 	 U32 family peptidase 	 NA 	 similar to AA sequence:GCF_001705995.2_ASM170599v2_genomic.gbff:WP_068583279.1 	 NA	
PROT.1109.6095431.0001i_03413	PROT.1109.6095431.0001i_03413 648 pdxH_2 	 pyridoxamine 5'-phosphate oxidase 	 1.4.3.5 	 similar to AA sequence:GCF_001705995.2_ASM170599v2_genomic.gbff:WP_068588580.1 	 NA	
PROT.1109.6095431.0001i_03414	PROT.1109.6095431.0001i_03414 1521 norR_1 	 nitric oxide reductase transcriptional regulator NorR 	 NA 	 similar to AA sequence:GCF_001705995.2_ASM170599v2_genomic.gbff:WP_068588582.1 	 NA	
PROT.1109.6095431.0001i_03440	PROT.1109.6095431.0001i_03440 1080 NA 	 AraC family transcriptional regulator 	 NA 	 similar to AA sequence:GCF_001705995.2_ASM170599v2_genomic.gbff:WP_068588434.1 	 NA	
PROT.1109.6095431.0001i_03441	PROT.1109.6095431.0001i_03441 1017 NA 	 phosphotransferase 	 NA 	 similar to AA sequence:GCF_001705995.2_ASM170599v2_genomic.gbff:WP_068588497.1 	 NA	
PROT.1109.6095431.0001i_03442	PROT.1109.6095431.0001i_03442 774 fabG_3 	 3-oxoacyl-ACP reductase FabG 	 1.1.1.100 	 similar to AA sequence:GCF_001705995.2_ASM170599v2_genomic.gbff:WP_068588431.1 	 NA	
PROT.1109.6095431.0001i_03443	PROT.1109.6095431.0001i_03443 1551 NA 	 APC family permease 	 NA 	 similar to AA sequence:GCF_001705995.2_ASM170599v2_genomic.gbff:WP_068588427.1 	 NA	
PROT.1109.6095431.0001i_03444	PROT.1109.6095431.0001i_03444 1314 NA 	 aspartate aminotransferase family protein 	 NA 	 similar to AA sequence:GCF_001705995.2_ASM170599v2_genomic.gbff:WP_068588424.1 	 NA	
PROT.1109.6095431.0001i_03445	PROT.1109.6095431.0001i_03445 1905 NA 	 acetate--CoA ligase 	 6.2.1.1 	 similar to AA sequence:GCF_001705995.2_ASM170599v2_genomic.gbff:WP_068588421.1 	 NA	
PROT.1109.6095431.0001i_03473	PROT.1109.6095431.0001i_03473 777 NA 	 class I SAM-dependent methyltransferase 	 NA 	 similar to AA sequence:GCF_001705995.2_ASM170599v2_genomic.gbff:WP_068588344.1 	 NA	
PROT.1109.6095431.0001i_03508	PROT.1109.6095431.0001i_03508 528 NA 	 hypothetical protein 	 NA 	 NA 	 NA	
PROT.1109.6095431.0001i_03519	PROT.1109.6095431.0001i_03519 987 NA 	 SMI1/KNR4 family protein 	 NA 	 similar to AA sequence:GCF_001705995.2_ASM170599v2_genomic.gbff:WP_068586728.1 	 NA	
PROT.1109.6095431.0001i_03522	PROT.1109.6095431.0001i_03522 618 NA 	 TetR/AcrR family transcriptional regulator 	 NA 	 similar to AA sequence:GCF_001705995.2_ASM170599v2_genomic.gbff:WP_068586726.1 	 NA	
PROT.1109.6095431.0001i_03528	PROT.1109.6095431.0001i_03528 270 NA 	 hypothetical protein 	 NA 	 NA 	 NA	
PROT.1109.6095431.0001i_03559	PROT.1109.6095431.0001i_03559 957 NA 	 helix-turn-helix transcriptional regulator 	 NA 	 similar to AA sequence:GCF_001705995.2_ASM170599v2_genomic.gbff:WP_053130521.1 	 NA	
PROT.1109.6095431.0001i_03561	PROT.1109.6095431.0001i_03561 645 NA 	 hypothetical protein 	 NA 	 NA 	 NA	
PROT.1109.6095431.0001i_03562	PROT.1109.6095431.0001i_03562 669 NA 	 hypothetical protein 	 NA 	 NA 	 NA	
PROT.1109.6095431.0001i_03563	PROT.1109.6095431.0001i_03563 267 NA 	 hypothetical protein 	 NA 	 similar to AA sequence:GCF_001705995.2_ASM170599v2_genomic.gbff:WP_068583930.1 	 NA	
PROT.1109.6095431.0001i_03576	PROT.1109.6095431.0001i_03576 507 NA 	 N-acetyltransferase 	 NA 	 similar to AA sequence:GCF_001705995.2_ASM170599v2_genomic.gbff:WP_068583868.1 	 NA	
PROT.1109.6095431.0001i_03577	PROT.1109.6095431.0001i_03577 573 NA 	 HD domain-containing protein 	 NA 	 similar to AA sequence:GCF_001705995.2_ASM170599v2_genomic.gbff:WP_068583865.1 	 NA	
PROT.1109.6095431.0001i_03578	PROT.1109.6095431.0001i_03578 558 NA 	 helix-turn-helix transcriptional regulator 	 NA 	 similar to AA sequence:GCF_001705995.2_ASM170599v2_genomic.gbff:WP_022639877.1 	 NA	
PROT.1109.6095431.0001i_03590	PROT.1109.6095431.0001i_03590 903 NA 	 alpha/beta fold hydrolase 	 NA 	 similar to AA sequence:GCF_001705995.2_ASM170599v2_genomic.gbff:WP_068583836.1 	 NA	
PROT.1109.6095431.0001i_03592	PROT.1109.6095431.0001i_03592 219 NA 	 hypothetical protein 	 NA 	 similar to AA sequence:GCF_001705995.2_ASM170599v2_genomic.gbff:WP_068583831.1 	 NA	
PROT.1109.6095431.0001i_03595	PROT.1109.6095431.0001i_03595 345 NA 	 hypothetical protein 	 NA 	 NA 	 NA	
PROT.1109.6095431.0001i_03596	PROT.1109.6095431.0001i_03596 309 NA 	 hypothetical protein 	 NA 	 NA 	 NA	
PROT.1109.6095431.0001i_03597	PROT.1109.6095431.0001i_03597 480 NA 	 hypothetical protein 	 NA 	 NA 	 NA	
PROT.1109.6095431.0001i_03598	PROT.1109.6095431.0001i_03598 645 NA 	 hypothetical protein 	 NA 	 NA 	 NA	
PROT.1109.6095431.0001i_03603	PROT.1109.6095431.0001i_03603 2244 NA 	 TonB-dependent siderophore receptor 	 NA 	 similar to AA sequence:GCF_001705995.2_ASM170599v2_genomic.gbff:WP_068595897.1 	 NA	
PROT.1109.6095431.0001i_03613	PROT.1109.6095431.0001i_03613 1824 NA 	 serine hydrolase 	 NA 	 similar to AA sequence:GCF_001705995.2_ASM170599v2_genomic.gbff:WP_068583981.1 	 NA	
PROT.1109.6095431.0001i_03629	PROT.1109.6095431.0001i_03629 957 NA 	 2-hydroxyacid dehydrogenase 	 NA 	 similar to AA sequence:GCF_001705995.2_ASM170599v2_genomic.gbff:WP_068578260.1 	 NA	
PROT.1109.6095431.0001i_03640	PROT.1109.6095431.0001i_03640 372 NA 	 hypothetical protein 	 NA 	 NA 	 NA	
PROT.1109.6095431.0001i_03662	PROT.1109.6095431.0001i_03662 822 NA 	 TIM barrel protein 	 NA 	 similar to AA sequence:GCF_001705995.2_ASM170599v2_genomic.gbff:WP_068578281.1 	 NA	
PROT.1109.6095431.0001i_03663	PROT.1109.6095431.0001i_03663 810 iolB 	 5-deoxy-glucuronate isomerase 	 5.3.1.30 	 similar to AA sequence:GCF_001705995.2_ASM170599v2_genomic.gbff:WP_068578283.1 	 NA	
PROT.1109.6095431.0001i_03667	PROT.1109.6095431.0001i_03667 243 NA 	 hypothetical protein 	 NA 	 NA 	 NA	
PROT.1109.6095431.0001i_03668	PROT.1109.6095431.0001i_03668 933 NA 	 DHH family protein 	 NA 	 similar to AA sequence:GCF_001705995.2_ASM170599v2_genomic.gbff:WP_068578291.1 	 NA	
PROT.1109.6095431.0001i_03675	PROT.1109.6095431.0001i_03675 396 NA 	 hypothetical protein 	 NA 	 NA 	 NA	
PROT.1109.6095431.0001i_03676	PROT.1109.6095431.0001i_03676 351 NA 	 hypothetical protein 	 NA 	 NA 	 NA	
PROT.1109.6095431.0001i_03681	PROT.1109.6095431.0001i_03681 252 NA 	 CsbD family protein 	 NA 	 similar to AA sequence:GCF_001705995.2_ASM170599v2_genomic.gbff:WP_022643959.1 	 NA	
PROT.1109.6095431.0001i_03683	PROT.1109.6095431.0001i_03683 531 NA 	 GNAT family N-acetyltransferase 	 NA 	 similar to AA sequence:GCF_001705995.2_ASM170599v2_genomic.gbff:WP_068578318.1 	 NA	
PROT.1109.6095431.0001i_03691	PROT.1109.6095431.0001i_03691 282 NA 	 fructose-bisphosphate aldolase 	 NA 	 similar to AA sequence:GCF_001705995.2_ASM170599v2_genomic.gbff:WP_068578334.1 	 NA	
PROT.1109.6095431.0001i_03696	PROT.1109.6095431.0001i_03696 441 NA 	 carboxymuconolactone decarboxylase family protein 	 NA 	 similar to AA sequence:GCF_001705995.2_ASM170599v2_genomic.gbff:WP_068586378.1 	 NA	
PROT.1109.6095431.0001i_03710	PROT.1109.6095431.0001i_03710 930 NA 	 ABC transporter substrate-binding protein 	 NA 	 similar to AA sequence:GCF_001705995.2_ASM170599v2_genomic.gbff:WP_068586416.1 	 NA	
PROT.1109.6095431.0001i_03716	PROT.1109.6095431.0001i_03716 816 NA 	 VanW family protein 	 NA 	 similar to AA sequence:GCF_001705995.2_ASM170599v2_genomic.gbff:WP_068586430.1 	 NA	
PROT.1109.6095431.0001i_03738	PROT.1109.6095431.0001i_03738 753 NA 	 transporter substrate-binding domain-containing protein 	 NA 	 similar to AA sequence:GCF_001705995.2_ASM170599v2_genomic.gbff:WP_022643621.1 	 NA	
PROT.1109.6095431.0001i_03763	PROT.1109.6095431.0001i_03763 666 NA 	 TetR family transcriptional regulator 	 NA 	 similar to AA sequence:GCF_001705995.2_ASM170599v2_genomic.gbff:WP_068584559.1 	 NA	
PROT.1109.6095431.0001i_03764	PROT.1109.6095431.0001i_03764 429 NA 	 helix-turn-helix domain-containing protein 	 NA 	 similar to AA sequence:GCF_001705995.2_ASM170599v2_genomic.gbff:WP_068584377.1 	 NA	
PROT.1109.6095431.0001i_03776	PROT.1109.6095431.0001i_03776 1893 NA 	 PAS domain S-box protein 	 NA 	 similar to AA sequence:GCF_001705995.2_ASM170599v2_genomic.gbff:WP_068584565.1 	 NA	
PROT.1109.6095431.0001i_03780	PROT.1109.6095431.0001i_03780 615 NA 	 hypothetical protein 	 NA 	 NA 	 NA	
PROT.1109.6095431.0001i_03794	PROT.1109.6095431.0001i_03794 369 copC_2 	 copper homeostasis periplasmic binding protein CopC 	 NA 	 similar to AA sequence:GCF_001705995.2_ASM170599v2_genomic.gbff:WP_068584439.1 	 NA	
PROT.1109.6095431.0001i_03795	PROT.1109.6095431.0001i_03795 855 copD_2 	 copper homeostasis membrane protein CopD 	 NA 	 similar to AA sequence:GCF_001705995.2_ASM170599v2_genomic.gbff:WP_068584441.1 	 NA	
PROT.1109.6095431.0001i_03801	PROT.1109.6095431.0001i_03801 1215 NA 	 HD-GYP domain-containing protein 	 NA 	 similar to AA sequence:GCF_001705995.2_ASM170599v2_genomic.gbff:WP_068595873.1 	 NA	
PROT.1109.6095431.0001i_03811	PROT.1109.6095431.0001i_03811 936 NA 	 DMT family transporter 	 NA 	 similar to AA sequence:GCF_001705995.2_ASM170599v2_genomic.gbff:WP_068584482.1 	 NA	
PROT.1109.6095431.0001i_03828	PROT.1109.6095431.0001i_03828 1119 NA 	 cytochrome P450 	 NA 	 similar to AA sequence:GCF_001705995.2_ASM170599v2_genomic.gbff:WP_068584520.1 	 NA	
PROT.1109.6095431.0001i_03833	PROT.1109.6095431.0001i_03833 276 NA 	 metal/formaldehyde-sensitive transcriptional repressor 	 NA 	 similar to AA sequence:GCF_001705995.2_ASM170599v2_genomic.gbff:WP_058433837.1 	 NA	
PROT.1109.6095431.0001i_03835	PROT.1109.6095431.0001i_03835 411 NA 	 NUDIX domain-containing protein 	 NA 	 similar to AA sequence:GCF_001705995.2_ASM170599v2_genomic.gbff:WP_068584532.1 	 NA	
PROT.1109.6095431.0001i_03842	PROT.1109.6095431.0001i_03842 1095 NA 	 DNA alkylation repair protein 	 NA 	 similar to AA sequence:GCF_001705995.2_ASM170599v2_genomic.gbff:WP_068584553.1 	 NA	
PROT.1109.6095431.0001i_03843	PROT.1109.6095431.0001i_03843 1026 NA 	 hypothetical protein 	 NA 	 NA 	 NA	
PROT.1109.6095431.0001i_03845	PROT.1109.6095431.0001i_03845 633 NA 	 TetR/AcrR family transcriptional regulator 	 NA 	 similar to AA sequence:GCF_001705995.2_ASM170599v2_genomic.gbff:WP_068584604.1 	 NA	
PROT.1109.6095431.0001i_03854	PROT.1109.6095431.0001i_03854 438 NA 	 hypothetical protein 	 NA 	 NA 	 NA	
PROT.1109.6095431.0001i_03855	PROT.1109.6095431.0001i_03855 918 NA 	 phytanoyl-CoA dioxygenase family protein 	 NA 	 similar to AA sequence:GCF_001705995.2_ASM170599v2_genomic.gbff:WP_068584582.1 	 NA	
PROT.1109.6095431.0001i_03861	PROT.1109.6095431.0001i_03861 741 NA 	 hypothetical protein 	 NA 	 NA 	 NA	
PROT.1109.6095431.0001i_03869	PROT.1109.6095431.0001i_03869 579 NA 	 antibiotic biosynthesis monooxygenase 	 NA 	 similar to AA sequence:GCF_001705995.2_ASM170599v2_genomic.gbff:WP_068586832.1 	 NA	
PROT.1109.6095431.0001i_03877	PROT.1109.6095431.0001i_03877 465 NA 	 hypothetical protein 	 NA 	 NA 	 NA	
PROT.1109.6095431.0001i_03894	PROT.1109.6095431.0001i_03894 654 NA 	 suppressor of fused domain protein 	 NA 	 similar to AA sequence:GCF_001705995.2_ASM170599v2_genomic.gbff:WP_068586822.1 	 NA	
PROT.1109.6095431.0001i_03905	PROT.1109.6095431.0001i_03905 849 NA 	 helix-turn-helix transcriptional regulator 	 NA 	 similar to AA sequence:GCF_001705995.2_ASM170599v2_genomic.gbff:WP_068586852.1 	 NA	
PROT.1109.6095431.0001i_03911	PROT.1109.6095431.0001i_03911 933 NA 	 ankyrin repeat domain-containing protein 	 NA 	 similar to AA sequence:GCF_001705995.2_ASM170599v2_genomic.gbff:WP_068586865.1 	 NA	
PROT.1109.6095431.0001i_03912	PROT.1109.6095431.0001i_03912 450 NA 	 hypothetical protein 	 NA 	 NA 	 NA	
PROT.1109.6095431.0001i_03914	PROT.1109.6095431.0001i_03914 459 NA 	 GNAT family N-acetyltransferase 	 NA 	 similar to AA sequence:GCF_001705995.2_ASM170599v2_genomic.gbff:WP_068586871.1 	 NA	
PROT.1109.6095431.0001i_03915	PROT.1109.6095431.0001i_03915 1125 NA 	 agmatine deiminase family protein 	 NA 	 similar to AA sequence:GCF_001705995.2_ASM170599v2_genomic.gbff:WP_068586873.1 	 NA	
PROT.1109.6095431.0001i_03916	PROT.1109.6095431.0001i_03916 1110 NA 	 extracellular solute-binding protein 	 NA 	 similar to AA sequence:GCF_001705995.2_ASM170599v2_genomic.gbff:WP_068586919.1 	 NA	
PROT.1109.6095431.0001i_03917	PROT.1109.6095431.0001i_03917 909 aguB_2 	 N-carbamoylputrescine amidase 	 3.5.1.53 	 similar to AA sequence:GCF_001705995.2_ASM170599v2_genomic.gbff:WP_068586875.1 	 NA	
PROT.1109.6095431.0001i_03918	PROT.1109.6095431.0001i_03918 1059 NA 	 agmatine deiminase family protein 	 NA 	 similar to AA sequence:GCF_001705995.2_ASM170599v2_genomic.gbff:WP_068586877.1 	 NA	
PROT.1109.6095431.0001i_03919	PROT.1109.6095431.0001i_03919 870 NA 	 LysR family transcriptional regulator 	 NA 	 similar to AA sequence:GCF_001705995.2_ASM170599v2_genomic.gbff:WP_068586879.1 	 NA	
PROT.1109.6095431.0001i_03920	PROT.1109.6095431.0001i_03920 621 NA 	 LysE family transporter 	 NA 	 similar to AA sequence:GCF_001705995.2_ASM170599v2_genomic.gbff:WP_068586881.1 	 NA	
PROT.1109.6095431.0001i_03921	PROT.1109.6095431.0001i_03921 885 NA 	 LysR family transcriptional regulator 	 NA 	 similar to AA sequence:GCF_001705995.2_ASM170599v2_genomic.gbff:WP_068586883.1 	 NA	
PROT.1109.6095431.0001i_03922	PROT.1109.6095431.0001i_03922 528 NA 	 GNAT family N-acetyltransferase 	 NA 	 similar to AA sequence:GCF_001705995.2_ASM170599v2_genomic.gbff:WP_068586885.1 	 NA	
PROT.1109.6095431.0001i_03926	PROT.1109.6095431.0001i_03926 789 NA 	 nucleotidyltransferase domain-containing protein 	 NA 	 similar to AA sequence:GCF_001705995.2_ASM170599v2_genomic.gbff:WP_068586921.1 	 NA	
PROT.1109.6095431.0001i_03945	PROT.1109.6095431.0001i_03945 234 NA 	 hypothetical protein 	 NA 	 similar to AA sequence:GCF_001705995.2_ASM170599v2_genomic.gbff:WP_068586931.1 	 NA	
PROT.1109.6095431.0001i_03950	PROT.1109.6095431.0001i_03950 522 NA 	 alpha-ketoglutarate-dependent dioxygenase AlkB 	 NA 	 similar to AA sequence:GCF_001705995.2_ASM170599v2_genomic.gbff:WP_068586938.1 	 NA	
PROT.1109.6095431.0001i_03955	PROT.1109.6095431.0001i_03955 723 NA 	 CPBP family intramembrane metalloprotease 	 NA 	 similar to AA sequence:GCF_001705995.2_ASM170599v2_genomic.gbff:WP_068586950.1 	 NA	
PROT.1109.6095431.0001i_03964	PROT.1109.6095431.0001i_03964 462 NA 	 isoprenylcysteine carboxylmethyltransferase family protein 	 NA 	 similar to AA sequence:GCF_001705995.2_ASM170599v2_genomic.gbff:WP_068586966.1 	 NA	
PROT.1109.6095431.0001i_03966	PROT.1109.6095431.0001i_03966 342 NA 	 hypothetical protein 	 NA 	 NA 	 NA	
PROT.1109.6095431.0001i_03971	PROT.1109.6095431.0001i_03971 447 NA 	 NUDIX domain-containing protein 	 NA 	 similar to AA sequence:GCF_001705995.2_ASM170599v2_genomic.gbff:WP_141698245.1 	 NA	
PROT.1109.6095431.0001i_03972	PROT.1109.6095431.0001i_03972 411 NA 	 hypothetical protein 	 NA 	 NA 	 NA	
PROT.1109.6095431.0001i_03973	PROT.1109.6095431.0001i_03973 642 NA 	 hypothetical protein 	 NA 	 similar to AA sequence:GCF_001705995.2_ASM170599v2_genomic.gbff:WP_068586981.1 	 NA	
PROT.1109.6095431.0001i_03978	PROT.1109.6095431.0001i_03978 288 NA 	 barstar family protein 	 NA 	 similar to AA sequence:GCF_001705995.2_ASM170599v2_genomic.gbff:WP_068588083.1 	 NA	
PROT.1109.6095431.0001i_03979	PROT.1109.6095431.0001i_03979 855 NA 	 hypothetical protein 	 NA 	 NA 	 NA	
PROT.1109.6095431.0001i_03988	PROT.1109.6095431.0001i_03988 891 NA 	 LysR family transcriptional regulator 	 NA 	 similar to AA sequence:GCF_001705995.2_ASM170599v2_genomic.gbff:WP_068588045.1 	 NA	
PROT.1109.6095431.0001i_03989	PROT.1109.6095431.0001i_03989 528 NA 	 AAA family ATPase 	 NA 	 similar to AA sequence:GCF_001705995.2_ASM170599v2_genomic.gbff:WP_068588043.1 	 NA	
PROT.1109.6095431.0001i_03992	PROT.1109.6095431.0001i_03992 528 NA 	 VOC family protein 	 NA 	 similar to AA sequence:GCF_001705995.2_ASM170599v2_genomic.gbff:WP_068588034.1 	 NA	
PROT.1109.6095431.0001i_03993	PROT.1109.6095431.0001i_03993 2229 NA 	 TonB-dependent siderophore receptor 	 NA 	 similar to AA sequence:GCF_001705995.2_ASM170599v2_genomic.gbff:WP_164823750.1 	 NA	
PROT.1109.6095431.0001i_03994	PROT.1109.6095431.0001i_03994 1002 NA 	 siderophore ABC transporter substrate-binding protein 	 NA 	 similar to AA sequence:GCF_001705995.2_ASM170599v2_genomic.gbff:WP_068588027.1 	 NA	
PROT.1109.6095431.0001i_03995	PROT.1109.6095431.0001i_03995 777 NA 	 ATP-binding cassette domain-containing protein 	 NA 	 similar to AA sequence:GCF_001705995.2_ASM170599v2_genomic.gbff:WP_068588024.1 	 NA	
PROT.1109.6095431.0001i_03996	PROT.1109.6095431.0001i_03996 945 NA 	 iron chelate uptake ABC transporter family permease subunit 	 NA 	 similar to AA sequence:GCF_001705995.2_ASM170599v2_genomic.gbff:WP_068588021.1 	 NA	
PROT.1109.6095431.0001i_03997	PROT.1109.6095431.0001i_03997 942 NA 	 iron chelate uptake ABC transporter family permease subunit 	 NA 	 similar to AA sequence:GCF_001705995.2_ASM170599v2_genomic.gbff:WP_053136382.1 	 NA	
PROT.1109.6095431.0001i_03998	PROT.1109.6095431.0001i_03998 1752 NA 	 ABC transporter ATP-binding protein 	 NA 	 similar to AA sequence:GCF_001705995.2_ASM170599v2_genomic.gbff:WP_068588018.1 	 NA	
PROT.1109.6095431.0001i_03999	PROT.1109.6095431.0001i_03999 1791 NA 	 ABC transporter ATP-binding protein 	 NA 	 similar to AA sequence:GCF_001705995.2_ASM170599v2_genomic.gbff:WP_068588016.1 	 NA	
PROT.1109.6095431.0001i_04000	PROT.1109.6095431.0001i_04000 624 NA 	 TetR/AcrR family transcriptional regulator 	 NA 	 similar to AA sequence:GCF_001705995.2_ASM170599v2_genomic.gbff:WP_068588014.1 	 NA	
PROT.1109.6095431.0001i_04001	PROT.1109.6095431.0001i_04001 414 NA 	 hypothetical protein 	 NA 	 NA 	 NA	
PROT.1109.6095431.0001i_04002	PROT.1109.6095431.0001i_04002 495 NA 	 OsmC family protein 	 NA 	 similar to AA sequence:GCF_001705995.2_ASM170599v2_genomic.gbff:WP_068588010.1 	 NA	
PROT.1109.6095431.0001i_04004	PROT.1109.6095431.0001i_04004 966 NA 	 FecR domain-containing protein 	 NA 	 similar to AA sequence:GCF_001705995.2_ASM170599v2_genomic.gbff:WP_068588007.1 	 NA	
PROT.1109.6095431.0001i_04012	PROT.1109.6095431.0001i_04012 660 NA 	 hypothetical protein 	 NA 	 NA 	 NA	
PROT.1109.6095431.0001i_04013	PROT.1109.6095431.0001i_04013 162 NA 	 hypothetical protein 	 NA 	 similar to AA sequence:GCF_001705995.2_ASM170599v2_genomic.gbff:WP_068587990.1 	 NA	
PROT.1109.6095431.0001i_04099	PROT.1109.6095431.0001i_04099 417 NA 	 hypothetical protein 	 NA 	 NA 	 NA	
PROT.1109.6095431.0001i_04100	PROT.1109.6095431.0001i_04100 294 NA 	 hypothetical protein 	 NA 	 similar to AA sequence:GCF_001705995.2_ASM170599v2_genomic.gbff:WP_068589176.1 	 NA	
PROT.1109.6095431.0001i_04102	PROT.1109.6095431.0001i_04102 636 NA 	 glutathione S-transferase 	 NA 	 similar to AA sequence:GCF_001705995.2_ASM170599v2_genomic.gbff:WP_068589178.1 	 NA	
PROT.1109.6095431.0001i_04105	PROT.1109.6095431.0001i_04105 645 NA 	 hypothetical protein 	 NA 	 NA 	 NA	
PROT.1109.6095431.0001i_04106	PROT.1109.6095431.0001i_04106 1341 NA 	 PBS lyase 	 NA 	 similar to AA sequence:GCF_001705995.2_ASM170599v2_genomic.gbff:WP_068589185.1 	 NA	
PROT.1109.6095431.0001i_04124	PROT.1109.6095431.0001i_04124 633 NA 	 hypothetical protein 	 NA 	 similar to AA sequence:GCF_001705995.2_ASM170599v2_genomic.gbff:WP_068588825.1 	 NA	
PROT.1109.6095431.0001i_04125	PROT.1109.6095431.0001i_04125 618 NA 	 hypothetical protein 	 NA 	 similar to AA sequence:GCF_001705995.2_ASM170599v2_genomic.gbff:WP_068588828.1 	 NA	
PROT.1109.6095431.0001i_04128	PROT.1109.6095431.0001i_04128 771 NA 	 helix-turn-helix transcriptional regulator 	 NA 	 similar to AA sequence:GCF_001705995.2_ASM170599v2_genomic.gbff:WP_068588751.1 	 NA	
PROT.1109.6095431.0001i_04129	PROT.1109.6095431.0001i_04129 1965 macB_2 	 MacB family efflux pump subunit 	 NA 	 similar to AA sequence:GCF_001705995.2_ASM170599v2_genomic.gbff:WP_068588748.1 	 NA	
PROT.1109.6095431.0001i_04130	PROT.1109.6095431.0001i_04130 1152 macA_2 	 macrolide transporter subunit MacA 	 NA 	 similar to AA sequence:GCF_001705995.2_ASM170599v2_genomic.gbff:WP_068588745.1 	 NA	
PROT.1109.6095431.0001i_04142	PROT.1109.6095431.0001i_04142 699 NA 	 pentapeptide repeat-containing protein 	 NA 	 similar to AA sequence:GCF_001705995.2_ASM170599v2_genomic.gbff:WP_068586341.1 	 NA	
PROT.1109.6095431.0001i_04144	PROT.1109.6095431.0001i_04144 648 qnr 	 Qnr family pentapeptide repeat protein 	 NA 	 similar to AA sequence:GCF_001705995.2_ASM170599v2_genomic.gbff:WP_068586339.1 	 NA	
PROT.1109.6095431.0001i_04180	PROT.1109.6095431.0001i_04180 660 NA 	 carbonic anhydrase 	 NA 	 similar to AA sequence:GCF_001705995.2_ASM170599v2_genomic.gbff:WP_048377468.1 	 NA	
PROT.1109.6095431.0001i_04200	PROT.1109.6095431.0001i_04200 384 crcB_2 	 fluoride efflux transporter CrcB 	 NA 	 similar to AA sequence:GCF_001705995.2_ASM170599v2_genomic.gbff:WP_048377481.1 	 NA	
PROT.1109.6095431.0001i_04388	PROT.1109.6095431.0001i_04388 618 prfH 	 peptide chain release factor H 	 NA 	 similar to AA sequence:GCF_001705995.2_ASM170599v2_genomic.gbff:WP_068585797.1 	 NA	
PROT.1109.6095431.0001i_04436	PROT.1109.6095431.0001i_04436 579 NA 	 hypothetical protein 	 NA 	 NA 	 NA	
PROT.1109.6095431.0001i_04442	PROT.1109.6095431.0001i_04442 483 NA 	 hypothetical protein 	 NA 	 NA 	 NA	
PROT.1109.6095431.0001i_04574	PROT.1109.6095431.0001i_04574 963 NA 	 sugar kinase 	 NA 	 similar to AA sequence:GCF_001705995.2_ASM170599v2_genomic.gbff:WP_068581249.1 	 NA	
PROT.1109.6095431.0001i_04585	PROT.1109.6095431.0001i_04585 3165 NA 	 phage receptor 	 NA 	 similar to AA sequence:GCF_001705995.2_ASM170599v2_genomic.gbff:WP_068581278.1 	 NA	
PROT.1109.6095431.0001i_04586	PROT.1109.6095431.0001i_04586 846 NA 	 hypothetical protein 	 NA 	 similar to AA sequence:GCF_001705995.2_ASM170599v2_genomic.gbff:WP_068581281.1 	 NA	
PROT.1109.6095431.0001i_04587	PROT.1109.6095431.0001i_04587 1077 NA 	 diguanylate cyclase 	 NA 	 similar to AA sequence:GCF_001705995.2_ASM170599v2_genomic.gbff:WP_068581284.1 	 NA	
PROT.1109.6095431.0001i_04596	PROT.1109.6095431.0001i_04596 1569 NA 	 TerC family protein 	 NA 	 similar to AA sequence:GCF_001705995.2_ASM170599v2_genomic.gbff:WP_068581305.1 	 NA	
PROT.1109.6095431.0001i_04602	PROT.1109.6095431.0001i_04602 2208 NA 	 TonB-dependent siderophore receptor 	 NA 	 similar to AA sequence:GCF_001705995.2_ASM170599v2_genomic.gbff:WP_068581319.1 	 NA	
PROT.1109.6095431.0001i_04603	PROT.1109.6095431.0001i_04603 951 NA 	 helix-turn-helix transcriptional regulator 	 NA 	 similar to AA sequence:GCF_001705995.2_ASM170599v2_genomic.gbff:WP_068581322.1 	 NA	
PROT.1109.6095431.0001i_04604	PROT.1109.6095431.0001i_04604 1770 poxB 	 ubiquinone-dependent pyruvate dehydrogenase 	 1.2.5.1 	 similar to AA sequence:GCF_001705995.2_ASM170599v2_genomic.gbff:WP_068581326.1 	 NA	
PROT.1109.6095431.0001i_04609	PROT.1109.6095431.0001i_04609 450 NA 	 PTS sugar transporter subunit IIA 	 NA 	 similar to AA sequence:GCF_001705995.2_ASM170599v2_genomic.gbff:WP_022639380.1 	 NA	
PROT.1109.6095431.0001i_04618	PROT.1109.6095431.0001i_04618 1617 NA 	 serine hydrolase 	 NA 	 similar to AA sequence:GCF_001705995.2_ASM170599v2_genomic.gbff:WP_068581353.1 	 NA	
PROT.1109.6095431.0001i_04619	PROT.1109.6095431.0001i_04619 546 NA 	 TetR family transcriptional regulator 	 NA 	 similar to AA sequence:GCF_001705995.2_ASM170599v2_genomic.gbff:WP_068581356.1 	 NA	
PROT.1109.6095431.0001i_04620	PROT.1109.6095431.0001i_04620 558 NA 	 dihydrofolate reductase 	 NA 	 similar to AA sequence:GCF_001705995.2_ASM170599v2_genomic.gbff:WP_068581358.1 	 NA	
PROT.1109.6095431.0001i_04621	PROT.1109.6095431.0001i_04621 489 NA 	 hypothetical protein 	 NA 	 NA 	 NA	
PROT.1109.6095431.0001i_04623	PROT.1109.6095431.0001i_04623 1059 NA 	 helix-turn-helix domain-containing protein 	 NA 	 similar to AA sequence:GCF_001705995.2_ASM170599v2_genomic.gbff:WP_068581361.1 	 NA	
PROT.1109.6095431.0001i_04624	PROT.1109.6095431.0001i_04624 1335 NA 	 MFS transporter 	 NA 	 similar to AA sequence:GCF_001705995.2_ASM170599v2_genomic.gbff:WP_068581364.1 	 NA	
PROT.1109.6095431.0001i_04625	PROT.1109.6095431.0001i_04625 1539 NA 	 AMP-binding protein 	 NA 	 similar to AA sequence:GCF_001705995.2_ASM170599v2_genomic.gbff:WP_068581367.1 	 NA	
PROT.1109.6095431.0001i_04627	PROT.1109.6095431.0001i_04627 573 NA 	 PAS domain S-box protein 	 NA 	 similar to AA sequence:GCF_001705995.2_ASM170599v2_genomic.gbff:WP_068581371.1 	 NA	
PROT.1109.6095431.0001i_04628	PROT.1109.6095431.0001i_04628 519 NA 	 hypothetical protein 	 NA 	 NA 	 NA	
PROT.1109.6095431.0001i_04642	PROT.1109.6095431.0001i_04642 414 NA 	 cobalamin biosynthesis protein 	 NA 	 similar to AA sequence:GCF_001705995.2_ASM170599v2_genomic.gbff:WP_068581411.1 	 NA	
PROT.1109.6095431.0001i_04658	PROT.1109.6095431.0001i_04658 1854 NA 	 ABC transporter substrate-binding protein 	 NA 	 similar to AA sequence:GCF_001705995.2_ASM170599v2_genomic.gbff:WP_068581458.1 	 NA	
PROT.1109.6095431.0001i_04659	PROT.1109.6095431.0001i_04659 2901 NA 	 TonB-dependent receptor 	 NA 	 similar to AA sequence:GCF_001705995.2_ASM170599v2_genomic.gbff:WP_164823752.1 	 NA	
PROT.1109.6095431.0001i_04660	PROT.1109.6095431.0001i_04660 2937 NA 	 TonB-dependent receptor 	 NA 	 similar to AA sequence:GCF_001705995.2_ASM170599v2_genomic.gbff:WP_068581461.1 	 NA	
PROT.1109.6095431.0001i_04661	PROT.1109.6095431.0001i_04661 966 NA 	 FecR family protein 	 NA 	 similar to AA sequence:GCF_001705995.2_ASM170599v2_genomic.gbff:WP_068581464.1 	 NA	
PROT.1109.6095431.0001i_04662	PROT.1109.6095431.0001i_04662 513 NA 	 sigma-70 family RNA polymerase sigma factor 	 NA 	 similar to AA sequence:GCF_001705995.2_ASM170599v2_genomic.gbff:WP_068581466.1 	 NA	
PROT.1109.6095431.0001i_04670	PROT.1109.6095431.0001i_04670 474 NA 	 hypothetical protein 	 NA 	 NA 	 NA	
PROT.1109.6095431.0001i_04678	PROT.1109.6095431.0001i_04678 3153 NA 	 error-prone DNA polymerase 	 NA 	 similar to AA sequence:GCF_001705995.2_ASM170599v2_genomic.gbff:WP_068581130.1 	 NA	
PROT.1109.6095431.0001i_04688	PROT.1109.6095431.0001i_04688 1278 NA 	 alanine racemase 	 NA 	 similar to AA sequence:GCF_001705995.2_ASM170599v2_genomic.gbff:WP_164487370.1 	 NA	
PROT.1109.6095431.0001i_04689	PROT.1109.6095431.0001i_04689 1395 NA 	 FAD-binding protein 	 NA 	 similar to AA sequence:GCF_001705995.2_ASM170599v2_genomic.gbff:WP_164823753.1 	 NA	
PROT.1109.6095431.0001i_04700	PROT.1109.6095431.0001i_04700 501 moaC_2 	 cyclic pyranopterin monophosphate synthase MoaC 	 4.6.1.17 	 similar to AA sequence:GCF_001705995.2_ASM170599v2_genomic.gbff:WP_068581112.1 	 NA	
PROT.1109.6095431.0001i_04703	PROT.1109.6095431.0001i_04703 2325 NA 	 FdhF/YdeP family oxidoreductase 	 NA 	 similar to AA sequence:GCF_001705995.2_ASM170599v2_genomic.gbff:WP_068581122.1 	 NA	
PROT.1109.6095431.0001i_04706	PROT.1109.6095431.0001i_04706 150 NA 	 hypothetical protein 	 NA 	 NA 	 NA	
PROT.1109.6095431.0001i_04707	PROT.1109.6095431.0001i_04707 150 NA 	 hypothetical protein 	 NA 	 similar to AA sequence:GCF_001705995.2_ASM170599v2_genomic.gbff:WP_083235762.1 	 NA	
PROT.1109.6095431.0001i_04772	PROT.1109.6095431.0001i_04772 10539 NA 	 autotransporter-associated beta strand repeat-containing protein 	 NA 	 similar to AA sequence:GCF_001705995.2_ASM170599v2_genomic.gbff:WP_083235929.1 	 NA	
PROT.1109.6095431.0001i_04795	PROT.1109.6095431.0001i_04795 717 NA 	 alpha/beta fold hydrolase 	 NA 	 similar to AA sequence:GCF_001705995.2_ASM170599v2_genomic.gbff:WP_068582448.1 	 NA	
PROT.1109.6095431.0001i_04807	PROT.1109.6095431.0001i_04807 879 NA 	 LysR family transcriptional regulator 	 NA 	 similar to AA sequence:GCF_001705995.2_ASM170599v2_genomic.gbff:WP_068582413.1 	 NA	
PROT.1109.6095431.0001i_04828	PROT.1109.6095431.0001i_04828 1032 NA 	 hypothetical protein 	 NA 	 NA 	 NA	
PROT.1109.6095431.0001i_04860	PROT.1109.6095431.0001i_04860 363 clpS 	 ATP-dependent Clp protease adapter ClpS 	 NA 	 similar to AA sequence:GCF_001705995.2_ASM170599v2_genomic.gbff:WP_011062173.1 	 NA	
PROT.1109.6095431.0001i_04935	PROT.1109.6095431.0001i_04935 1119 NA 	 carbon-nitrogen hydrolase family protein 	 NA 	 similar to AA sequence:GCF_001705995.2_ASM170599v2_genomic.gbff:WP_068582977.1 	 NA	
PROT.1109.6095431.0001i_04959	PROT.1109.6095431.0001i_04959 1029 NA 	 AraC family transcriptional regulator 	 NA 	 similar to AA sequence:GCF_001705995.2_ASM170599v2_genomic.gbff:WP_068582922.1 	 NA	
PROT.1109.6095431.0001i_04964	PROT.1109.6095431.0001i_04964 195 NA 	 hypothetical protein 	 NA 	 NA 	 NA	
PROT.1109.6095431.0001i_04977	PROT.1109.6095431.0001i_04977 453 NA 	 GNAT family N-acetyltransferase 	 NA 	 similar to AA sequence:GCF_001705995.2_ASM170599v2_genomic.gbff:WP_068582884.1 	 NA	
PROT.1109.6095431.0001i_04984	PROT.1109.6095431.0001i_04984 999 NA 	 cyclase family protein 	 NA 	 similar to AA sequence:GCF_001705995.2_ASM170599v2_genomic.gbff:WP_068582864.1 	 NA	
PROT.1109.6095431.0001i_04985	PROT.1109.6095431.0001i_04985 891 NA 	 LysR family transcriptional regulator 	 NA 	 similar to AA sequence:GCF_001705995.2_ASM170599v2_genomic.gbff:WP_068582862.1 	 NA	
PROT.1109.6095431.0001i_04989	PROT.1109.6095431.0001i_04989 984 NA 	 FecR family protein 	 NA 	 similar to AA sequence:GCF_001705995.2_ASM170599v2_genomic.gbff:WP_068582851.1 	 NA	
PROT.1109.6095431.0001i_04991	PROT.1109.6095431.0001i_04991 153 NA 	 hypothetical protein 	 NA 	 NA 	 NA	
PROT.1109.6095431.0001i_04992	PROT.1109.6095431.0001i_04992 906 NA 	 DMT family transporter 	 NA 	 similar to AA sequence:GCF_001705995.2_ASM170599v2_genomic.gbff:WP_068582847.1 	 NA	
PROT.1109.6095431.0001i_04993	PROT.1109.6095431.0001i_04993 615 NA 	 helix-turn-helix domain-containing protein 	 NA 	 similar to AA sequence:GCF_001705995.2_ASM170599v2_genomic.gbff:WP_068582843.1 	 NA	
PROT.1109.6095431.0001i_04994	PROT.1109.6095431.0001i_04994 447 NA 	 hypothetical protein 	 NA 	 NA 	 NA	
PROT.1109.6095431.0001i_04995	PROT.1109.6095431.0001i_04995 417 NA 	 hypothetical protein 	 NA 	 NA 	 NA	
PROT.1109.6095431.0001i_05012	PROT.1109.6095431.0001i_05012 384 NA 	 hypothetical protein 	 NA 	 similar to AA sequence:GCF_001705995.2_ASM170599v2_genomic.gbff:WP_068582797.1 	 NA	
PROT.1109.6095431.0001i_05014	PROT.1109.6095431.0001i_05014 1128 NA 	 MFS transporter 	 NA 	 similar to AA sequence:GCF_001705995.2_ASM170599v2_genomic.gbff:WP_068583028.1 	 NA	
PROT.1109.6095431.0001i_05021	PROT.1109.6095431.0001i_05021 540 NA 	 hotdog fold thioesterase 	 NA 	 similar to AA sequence:GCF_001705995.2_ASM170599v2_genomic.gbff:WP_068582776.1 	 NA	
PROT.1109.6095431.0001i_05036	PROT.1109.6095431.0001i_05036 828 NA 	 N(5)-hydroxyornithine transformylase PvdF 	 NA 	 similar to AA sequence:GCF_001705995.2_ASM170599v2_genomic.gbff:WP_068582731.1 	 NA	
PROT.1109.6095431.0001i_05063	PROT.1109.6095431.0001i_05063 402 NA 	 hypothetical protein 	 NA 	 similar to AA sequence:GCF_001705995.2_ASM170599v2_genomic.gbff:WP_068582674.1 	 NA	
PROT.1109.6095431.0001i_05064	PROT.1109.6095431.0001i_05064 1638 NA 	 WG repeat-containing protein 	 NA 	 similar to AA sequence:GCF_001705995.2_ASM170599v2_genomic.gbff:WP_068582676.1 	 NA	
PROT.1109.6095431.0001i_05067	PROT.1109.6095431.0001i_05067 1587 NA 	 DHA2 family efflux MFS transporter permease subunit 	 NA 	 similar to AA sequence:GCF_001705995.2_ASM170599v2_genomic.gbff:WP_068582688.1 	 NA	
PROT.1109.6095431.0001i_05071	PROT.1109.6095431.0001i_05071 1938 NA 	 amidohydrolase family protein 	 NA 	 similar to AA sequence:GCF_001705995.2_ASM170599v2_genomic.gbff:WP_068582700.1 	 NA	
PROT.1109.6095431.0001i_05072	PROT.1109.6095431.0001i_05072 1026 NA 	 histone deacetylase family protein 	 NA 	 similar to AA sequence:GCF_001705995.2_ASM170599v2_genomic.gbff:WP_068582703.1 	 NA	
PROT.1109.6095431.0001i_05074	PROT.1109.6095431.0001i_05074 1311 NA 	 MHS family MFS transporter 	 NA 	 similar to AA sequence:GCF_001705995.2_ASM170599v2_genomic.gbff:WP_068582709.1 	 NA	
PROT.1109.6095431.0001i_05076	PROT.1109.6095431.0001i_05076 930 NA 	 glyoxylate/hydroxypyruvate reductase A 	 NA 	 similar to AA sequence:GCF_001705995.2_ASM170599v2_genomic.gbff:WP_068582714.1 	 NA	
PROT.1109.6095431.0001i_05077	PROT.1109.6095431.0001i_05077 756 NA 	 class II aldolase/adducin family protein 	 NA 	 similar to AA sequence:GCF_001705995.2_ASM170599v2_genomic.gbff:WP_068582717.1 	 NA	
PROT.1109.6095431.0001i_05079	PROT.1109.6095431.0001i_05079 987 NA 	 LysR family transcriptional regulator 	 NA 	 similar to AA sequence:GCF_001705995.2_ASM170599v2_genomic.gbff:WP_068582668.1 	 NA	
PROT.1109.6095431.0001i_05122	PROT.1109.6095431.0001i_05122 549 NA 	 RNA polymerase factor sigma-70 	 NA 	 similar to AA sequence:GCF_001705995.2_ASM170599v2_genomic.gbff:WP_068585644.1 	 NA	
PROT.1109.6095431.0001i_05130	PROT.1109.6095431.0001i_05130 798 NA 	 enoyl-CoA hydratase/isomerase family protein 	 NA 	 similar to AA sequence:GCF_001705995.2_ASM170599v2_genomic.gbff:WP_068585619.1 	 NA	
PROT.1109.6095431.0001i_05148	PROT.1109.6095431.0001i_05148 1101 NA 	 glycosyltransferase family 4 protein 	 NA 	 similar to AA sequence:GCF_001705995.2_ASM170599v2_genomic.gbff:WP_068581554.1 	 NA	
PROT.1109.6095431.0001i_05271	PROT.1109.6095431.0001i_05271 1395 NA 	 class II fumarate hydratase 	 NA 	 similar to AA sequence:GCF_001705995.2_ASM170599v2_genomic.gbff:WP_068587654.1 	 NA	
PROT.1109.6095431.0001i_05305	PROT.1109.6095431.0001i_05305 354 uraH 	 hydroxyisourate hydrolase 	 3.5.2.17 	 similar to AA sequence:GCF_001705995.2_ASM170599v2_genomic.gbff:WP_068587591.1 	 NA	
PROT.1109.6095431.0001i_05312	PROT.1109.6095431.0001i_05312 855 NA 	 pirin family protein 	 NA 	 similar to AA sequence:GCF_001705995.2_ASM170599v2_genomic.gbff:WP_068587387.1 	 NA	
PROT.1109.6095431.0001i_05322	PROT.1109.6095431.0001i_05322 1347 NA 	 amidohydrolase 	 NA 	 similar to AA sequence:GCF_001705995.2_ASM170599v2_genomic.gbff:WP_068587401.1 	 NA	
PROT.1109.6095431.0001i_05332	PROT.1109.6095431.0001i_05332 1809 NA 	 EAL and GGDEF domain-containing protein 	 NA 	 similar to AA sequence:GCF_001705995.2_ASM170599v2_genomic.gbff:WP_068587419.1 	 NA	
PROT.1109.6095431.0001i_05431	PROT.1109.6095431.0001i_05431 2331 NA 	 hypothetical protein 	 NA 	 NA 	 NA	
PROT.1109.6095431.0001i_05432	PROT.1109.6095431.0001i_05432 1254 NA 	 hypothetical protein 	 NA 	 NA 	 NA	
PROT.1109.6095431.0001i_05477	PROT.1109.6095431.0001i_05477 720 NA 	 CTP synthase 	 NA 	 similar to AA sequence:GCF_001705995.2_ASM170599v2_genomic.gbff:WP_068579461.1 	 NA	
PROT.1109.6095431.0001i_05498	PROT.1109.6095431.0001i_05498 648 NA 	 TetR/AcrR family transcriptional regulator 	 NA 	 similar to AA sequence:GCF_001705995.2_ASM170599v2_genomic.gbff:WP_068579362.1 	 NA	
PROT.1109.6095431.0001i_05506	PROT.1109.6095431.0001i_05506 153 NA 	 hypothetical protein 	 NA 	 NA 	 NA	
PROT.1109.6095431.0001i_05540	PROT.1109.6095431.0001i_05540 237 NA 	 hypothetical protein 	 NA 	 similar to AA sequence:GCF_001705995.2_ASM170599v2_genomic.gbff:WP_068579239.1 	 NA	
PROT.1109.6095431.0001i_05541	PROT.1109.6095431.0001i_05541 1191 NA 	 aminotransferase class V-fold PLP-dependent enzyme 	 NA 	 similar to AA sequence:GCF_001705995.2_ASM170599v2_genomic.gbff:WP_068579236.1 	 NA	
PROT.1109.6095431.0001i_05564	PROT.1109.6095431.0001i_05564 1350 NA 	 CoA transferase 	 NA 	 similar to AA sequence:GCF_001705995.2_ASM170599v2_genomic.gbff:WP_068579186.1 	 NA	
PROT.1109.6095431.0001i_05581	PROT.1109.6095431.0001i_05581 879 NA 	 phytanoyl-CoA dioxygenase family protein 	 NA 	 similar to AA sequence:GCF_001705995.2_ASM170599v2_genomic.gbff:WP_068579157.1 	 NA	
PROT.1109.6095431.0001i_05584	PROT.1109.6095431.0001i_05584 1017 add_1 	 adenosine deaminase 	 3.5.4.4 	 similar to AA sequence:GCF_001705995.2_ASM170599v2_genomic.gbff:WP_068579151.1 	 NA	
PROT.1109.6095431.0001i_05586	PROT.1109.6095431.0001i_05586 1086 add_2 	 adenosine deaminase 	 3.5.4.4 	 similar to AA sequence:GCF_001705995.2_ASM170599v2_genomic.gbff:WP_068579151.1 	 NA	
PROT.1109.6095431.0001i_05587	PROT.1109.6095431.0001i_05587 957 NA 	 LysR family transcriptional regulator 	 NA 	 similar to AA sequence:GCF_001705995.2_ASM170599v2_genomic.gbff:WP_068579145.1 	 NA	
PROT.1109.6095431.0001i_05589	PROT.1109.6095431.0001i_05589 1386 NA 	 FAD-dependent oxidoreductase 	 NA 	 similar to AA sequence:GCF_001705995.2_ASM170599v2_genomic.gbff:WP_164823722.1 	 NA	
PROT.1109.6095431.0001i_05593	PROT.1109.6095431.0001i_05593 897 NA 	 LysR family transcriptional regulator 	 NA 	 similar to AA sequence:GCF_001705995.2_ASM170599v2_genomic.gbff:WP_068579137.1 	 NA	
PROT.1109.6095431.0001i_05594	PROT.1109.6095431.0001i_05594 1467 NA 	 efflux transporter outer membrane subunit 	 NA 	 similar to AA sequence:GCF_001705995.2_ASM170599v2_genomic.gbff:WP_068579135.1 	 NA	
PROT.1109.6095431.0001i_05595	PROT.1109.6095431.0001i_05595 1179 NA 	 HlyD family efflux transporter periplasmic adaptor subunit 	 NA 	 similar to AA sequence:GCF_001705995.2_ASM170599v2_genomic.gbff:WP_068579133.1 	 NA	
PROT.1109.6095431.0001i_05596	PROT.1109.6095431.0001i_05596 1527 NA 	 DHA2 family efflux MFS transporter permease subunit 	 NA 	 similar to AA sequence:GCF_001705995.2_ASM170599v2_genomic.gbff:WP_068579131.1 	 NA	
PROT.1109.6095431.0001i_05597	PROT.1109.6095431.0001i_05597 717 NA 	 siderophore-interacting protein 	 NA 	 similar to AA sequence:GCF_001705995.2_ASM170599v2_genomic.gbff:WP_068579129.1 	 NA	
PROT.1109.6095431.0001i_05598	PROT.1109.6095431.0001i_05598 1503 proP 	 glycine betaine/L-proline transporter ProP 	 NA 	 similar to AA sequence:GCF_001705995.2_ASM170599v2_genomic.gbff:WP_068578614.1 	 NA	
PROT.1109.6095431.0001i_05599	PROT.1109.6095431.0001i_05599 1035 NA 	 hypothetical protein 	 NA 	 NA 	 NA	
PROT.1109.6095431.0001i_05602	PROT.1109.6095431.0001i_05602 579 NA 	 MarR family transcriptional regulator 	 NA 	 similar to AA sequence:GCF_001705995.2_ASM170599v2_genomic.gbff:WP_068578609.1 	 NA	
PROT.1109.6095431.0001i_05603	PROT.1109.6095431.0001i_05603 459 NA 	 VOC family protein 	 NA 	 similar to AA sequence:GCF_001705995.2_ASM170599v2_genomic.gbff:WP_068578608.1 	 NA	
PROT.1109.6095431.0001i_05604	PROT.1109.6095431.0001i_05604 705 NA 	 flavin reductase family protein 	 NA 	 similar to AA sequence:GCF_001705995.2_ASM170599v2_genomic.gbff:WP_068578606.1 	 NA	
PROT.1109.6095431.0001i_05712	PROT.1109.6095431.0001i_05712 1449 NA 	 aldehyde dehydrogenase family protein 	 NA 	 similar to AA sequence:GCF_001705995.2_ASM170599v2_genomic.gbff:WP_068585130.1 	 NA	
PROT.1109.6095431.0001i_05745	PROT.1109.6095431.0001i_05745 579 NA 	 NADH:quinone oxidoreductase 	 NA 	 similar to AA sequence:GCF_001705995.2_ASM170599v2_genomic.gbff:WP_068585045.1 	 NA	
PROT.1109.6095431.0001i_05802	PROT.1109.6095431.0001i_05802 600 NA 	 hypothetical protein 	 NA 	 NA 	 NA	
PROT.1109.6095431.0001i_05814	PROT.1109.6095431.0001i_05814 297 NA 	 short-chain dehydrogenase 	 NA 	 similar to AA sequence:GCF_001705995.2_ASM170599v2_genomic.gbff:WP_068583231.1 	 NA	
PROT.1109.6095431.0001i_05815	PROT.1109.6095431.0001i_05815 294 NA 	 hypothetical protein 	 NA 	 NA 	 NA	
PROT.1109.6095431.0001i_05853	PROT.1109.6095431.0001i_05853 1026 NA 	 helix-turn-helix domain-containing protein 	 NA 	 similar to AA sequence:GCF_001705995.2_ASM170599v2_genomic.gbff:WP_068584753.1 	 NA	
PROT.1109.6095431.0001i_05891	PROT.1109.6095431.0001i_05891 639 NA 	 hypothetical protein 	 NA 	 similar to AA sequence:GCF_001705995.2_ASM170599v2_genomic.gbff:WP_068588842.1 	 NA	
PROT.1109.6095431.0001i_05893	PROT.1109.6095431.0001i_05893 453 NA 	 MarR family transcriptional regulator 	 NA 	 similar to AA sequence:GCF_001705995.2_ASM170599v2_genomic.gbff:WP_068588845.1 	 NA	
PROT.1109.6095431.0001i_05894	PROT.1109.6095431.0001i_05894 2670 aceE_2 	 pyruvate dehydrogenase (acetyl-transferring), homodimeric type 	 1.2.4.1 	 similar to AA sequence:GCF_001705995.2_ASM170599v2_genomic.gbff:WP_068588847.1 	 NA	
PROT.1109.6095431.0001i_05896	PROT.1109.6095431.0001i_05896 738 NA 	 hypothetical protein 	 NA 	 NA 	 NA	
PROT.1109.6095431.0001i_05907	PROT.1109.6095431.0001i_05907 666 NA 	 metalloregulator ArsR/SmtB family transcription factor 	 NA 	 similar to AA sequence:GCF_001705995.2_ASM170599v2_genomic.gbff:WP_068588881.1 	 NA	
PROT.1109.6095431.0001i_05908	PROT.1109.6095431.0001i_05908 504 NA 	 hypothetical protein 	 NA 	 similar to AA sequence:GCF_001705995.2_ASM170599v2_genomic.gbff:WP_068588884.1 	 NA	
PROT.1109.6095431.0001i_05915	PROT.1109.6095431.0001i_05915 831 NA 	 amidohydrolase 	 NA 	 similar to AA sequence:GCF_001705995.2_ASM170599v2_genomic.gbff:WP_068588724.1 	 NA	
PROT.1109.6095431.0001i_05923	PROT.1109.6095431.0001i_05923 798 NA 	 GNAT family N-acetyltransferase 	 NA 	 similar to AA sequence:GCF_001705995.2_ASM170599v2_genomic.gbff:WP_068588704.1 	 NA	
PROT.1109.6095431.0001i_05952	PROT.1109.6095431.0001i_05952 480 NA 	 GNAT family N-acetyltransferase 	 NA 	 similar to AA sequence:GCF_001705995.2_ASM170599v2_genomic.gbff:WP_068588636.1 	 NA	
PROT.1109.6095431.0001i_06104	PROT.1109.6095431.0001i_06104 573 NA 	 GNAT family N-acetyltransferase 	 NA 	 similar to AA sequence:GCF_001705995.2_ASM170599v2_genomic.gbff:WP_068575861.1 	 NA	
PROT.1109.6095431.0001i_06107	PROT.1109.6095431.0001i_06107 501 NA 	 GNAT family N-acetyltransferase 	 NA 	 similar to AA sequence:GCF_001705995.2_ASM170599v2_genomic.gbff:WP_068575855.1 	 NA	
PROT.1109.6095431.0001i_06110	PROT.1109.6095431.0001i_06110 813 NA 	 MerR family transcriptional regulator 	 NA 	 similar to AA sequence:GCF_001705995.2_ASM170599v2_genomic.gbff:WP_068575848.1 	 NA	
PROT.1109.6095431.0001i_06112	PROT.1109.6095431.0001i_06112 582 NA 	 hypothetical protein 	 NA 	 NA 	 NA	
PROT.1109.6095431.0001i_06123	PROT.1109.6095431.0001i_06123 1407 NA 	 MFS transporter 	 NA 	 similar to AA sequence:GCF_001705995.2_ASM170599v2_genomic.gbff:WP_068575821.1 	 NA	
PROT.1109.6095431.0001i_06136	PROT.1109.6095431.0001i_06136 207 NA 	 hypothetical protein 	 NA 	 NA 	 NA	
PROT.1109.6095431.0001i_06144	PROT.1109.6095431.0001i_06144 420 NA 	 hypothetical protein 	 NA 	 similar to AA sequence:GCF_001705995.2_ASM170599v2_genomic.gbff:WP_068580323.1 	 NA	
PROT.1109.6095431.0001i_06359	PROT.1109.6095431.0001i_06359 639 NA 	 alanyl-tRNA editing protein 	 NA 	 similar to AA sequence:GCF_001705995.2_ASM170599v2_genomic.gbff:WP_068577359.1 	 NA	
PROT.1109.6095431.0001i_06360	PROT.1109.6095431.0001i_06360 612 NA 	 LysE family transporter 	 NA 	 similar to AA sequence:GCF_001705995.2_ASM170599v2_genomic.gbff:WP_068577357.1 	 NA	
PROT.1109.6095431.0001i_06371	PROT.1109.6095431.0001i_06371 729 NA 	 hypothetical protein 	 NA 	 NA 	 NA	
PROT.1109.6095431.0001i_06398	PROT.1109.6095431.0001i_06398 972 NA 	 hypothetical protein 	 NA 	 NA 	 NA	
PROT.1109.6095431.0001i_06405	PROT.1109.6095431.0001i_06405 459 NA 	 hypothetical protein 	 NA 	 NA 	 NA	
PROT.1109.6095431.0001i_06530	PROT.1109.6095431.0001i_06530 363 NA 	 hypothetical protein 	 NA 	 NA 	 NA	
PROT.1109.6095431.0001i_06540	PROT.1109.6095431.0001i_06540 1209 NA 	 MFS transporter 	 NA 	 similar to AA sequence:GCF_001705995.2_ASM170599v2_genomic.gbff:WP_068579098.1 	 NA	
PROT.1109.6095431.0001i_06547	PROT.1109.6095431.0001i_06547 759 NA 	 EboA domain-containing protein 	 NA 	 similar to AA sequence:GCF_001705995.2_ASM170599v2_genomic.gbff:WP_068577519.1 	 NA	
PROT.1109.6095431.0001i_06609	PROT.1109.6095431.0001i_06609 963 birA 	 bifunctional biotin--[acetyl-CoA-carboxylase] ligase/biotin operon repressor BirA 	 6.3.4.15 	 similar to AA sequence:GCF_001705995.2_ASM170599v2_genomic.gbff:WP_068577562.1 	 NA	
PROT.1109.6095431.0001i_06666	PROT.1109.6095431.0001i_06666 1101 NA 	 pyridoxal phosphate-dependent aminotransferase 	 NA 	 similar to AA sequence:GCF_001705995.2_ASM170599v2_genomic.gbff:WP_068575615.1 	 NA	
PROT.1109.6095431.0001i_06670	PROT.1109.6095431.0001i_06670 2460 pqqF 	 pyrroloquinoline quinone biosynthesis protein PqqF 	 3.4.24.- 	 similar to AA sequence:GCF_001705995.2_ASM170599v2_genomic.gbff:WP_068575623.1 	 NA	
PROT.1109.6095431.0001i_06716	PROT.1109.6095431.0001i_06716 507 NA 	 transporter 	 NA 	 similar to AA sequence:GCF_001705995.2_ASM170599v2_genomic.gbff:WP_068575702.1 	 NA	
PROT.1109.6095431.0001i_06717	PROT.1109.6095431.0001i_06717 591 NA 	 ANTAR domain-containing protein 	 NA 	 similar to AA sequence:GCF_001705995.2_ASM170599v2_genomic.gbff:WP_068575704.1 	 NA	
PROT.1109.6095431.0001i_06718	PROT.1109.6095431.0001i_06718 1158 NA 	 transporter substrate-binding domain-containing protein 	 NA 	 similar to AA sequence:GCF_001705995.2_ASM170599v2_genomic.gbff:WP_068575706.1 	 NA	
PROT.1109.6095431.0001i_06719	PROT.1109.6095431.0001i_06719 1119 NA 	 ATP-dependent Clp protease ATP-binding subunit 	 NA 	 similar to AA sequence:GCF_001705995.2_ASM170599v2_genomic.gbff:WP_068575708.1 	 NA	
PROT.1109.6095431.0001i_06720	PROT.1109.6095431.0001i_06720 1041 NA 	 aliphatic amidase 	 NA 	 similar to AA sequence:GCF_001705995.2_ASM170599v2_genomic.gbff:WP_068575710.1 	 NA	
PROT.1109.6095431.0001i_06728	PROT.1109.6095431.0001i_06728 570 NA 	 hypothetical protein 	 NA 	 NA 	 NA	
PROT.1109.6095431.0001i_06753	PROT.1109.6095431.0001i_06753 918 NA 	 LysR family transcriptional regulator 	 NA 	 similar to AA sequence:GCF_001705995.2_ASM170599v2_genomic.gbff:WP_068583115.1 	 NA	
PROT.1109.6095431.0001i_06763	PROT.1109.6095431.0001i_06763 447 NA 	 GNAT family N-acetyltransferase 	 NA 	 similar to AA sequence:GCF_001705995.2_ASM170599v2_genomic.gbff:WP_068576787.1 	 NA	
PROT.1109.6095431.0001i_06815	PROT.1109.6095431.0001i_06815 765 madM 	 malonate transporter subunit MadM 	 NA 	 similar to AA sequence:GCF_001705995.2_ASM170599v2_genomic.gbff:WP_068576697.1 	 NA	
PROT.1109.6095431.0001i_06816	PROT.1109.6095431.0001i_06816 408 madL 	 malonate transporter subunit MadL 	 NA 	 similar to AA sequence:GCF_001705995.2_ASM170599v2_genomic.gbff:WP_022641597.1 	 NA	
PROT.1109.6095431.0001i_06818	PROT.1109.6095431.0001i_06818 627 NA 	 malonate decarboxylase holo-ACP synthase 	 NA 	 similar to AA sequence:GCF_001705995.2_ASM170599v2_genomic.gbff:WP_068576793.1 	 NA	
PROT.1109.6095431.0001i_06843	PROT.1109.6095431.0001i_06843 588 NA 	 YggT family protein 	 NA 	 similar to AA sequence:GCF_001705995.2_ASM170599v2_genomic.gbff:WP_068575484.1 	 NA	
PROT.1109.6095431.0001i_06869	PROT.1109.6095431.0001i_06869 546 NA 	 twin-arginine translocation pathway signal protein 	 NA 	 similar to AA sequence:GCF_001705995.2_ASM170599v2_genomic.gbff:WP_068575460.1 	 NA	
PROT.1109.6095431.0001i_06876	PROT.1109.6095431.0001i_06876 1194 NA 	 MFS transporter 	 NA 	 similar to AA sequence:GCF_001705995.2_ASM170599v2_genomic.gbff:WP_068575455.1 	 NA	
PROT.1109.6095431.0001i_07007	PROT.1109.6095431.0001i_07007 1779 tadA_2 	 type II/IV secretion system protein 	 NA 	 similar to AA sequence:GCF_001705995.2_ASM170599v2_genomic.gbff:WP_068576048.1 	 NA	
PROT.1109.6095431.0001i_07008	PROT.1109.6095431.0001i_07008 1608 NA 	 methyl-accepting chemotaxis protein 	 NA 	 similar to AA sequence:GCF_001705995.2_ASM170599v2_genomic.gbff:WP_068576046.1 	 NA	
PROT.1109.6095431.0001i_07053	PROT.1109.6095431.0001i_07053 459 NA 	 TIGR02444 family protein 	 NA 	 similar to AA sequence:GCF_001705995.2_ASM170599v2_genomic.gbff:WP_068575966.1 	 NA	
PROT.1109.6095431.0001i_07095	PROT.1109.6095431.0001i_07095 969 NA 	 hypothetical protein 	 NA 	 NA 	 NA	
